user_name,user_id,rs12896399,rs12913832,rs1545397,rs16891982,rs1426654,rs885479,rs6119471,rs12203592,eye_color
R.M. Holston,22,GT,GG,GG,AA,GG,CC,,,Green
Charles G. Sullivan,5326,GT,GG,GG,AA,GG,TT,,,Blue-Grey
Angel Harris,495,GT,AG,GG,AA,GG,CT,,,Green
kevinmcc,285,GT,AG,GG,AA,GG,CC,,,Brown
Razib Khan,33,GT,AA,CC,AA,GG,CC,,,Brown
sagan,13,GT,AA,GG,AA,GG,CC,,,Brown
William Vencill,581,GT,AG,GG,AA,GG,CC,,,Green
david decker,38,GT,GG,GG,AA,AG,CC,,,Blue
orta,58,GT,GG,GG,AA,GG,CC,,,Blue
John Kemeny,63,TT,GG,GG,AA,GG,CC,,,Blue
Alanesq,74,GG,GG,GG,AA,GG,CC,,,Blue
James Fowler,118,GT,AG,GG,AA,GG,CC,,,Brown
Ugo Perego,126,GG,AG,GG,AA,GG,CC,,,Brown
Darby,189,GT,AA,GG,AA,GG,CC,,,Brown
Laura Wilson,539,GG,AG,GG,AA,GG,CT,,,Brown
StarDS9,144,GT,AA,CG,AA,GG,CC,,,Brown
Tavastian,394,TT,AG,GG,AA,GG,CC,,,Green
Joseph Gill,158,TT,AG,CG,AG,AG,CC,,,Brown
Samantha Straus,288,GT,AG,GG,AA,GG,TT,,,Green
Jacob Shiach,202,GT,GG,GG,AA,GG,CC,,,Blue
Stephane,207,GT,GG,GG,AA,GG,CC,,,Blue
Jim W,215,GG,GG,GG,AA,GG,CT,,,Blue
Aditya Lakshman,258,GG,GG,CC,AG,GG,CC,,,Hazel
Jonathan,990,TT,GG,GG,AA,GG,CC,,,Blue
Luke Jostins,253,GG,GG,GG,AA,GG,CT,,,Blue-Green
Vincent Plagnol,252,GT,GG,GG,AA,AG,CC,,,Blue
Michael Lally,262,GT,AG,CG,AA,GG,CC,,,Brown
Paul Szauter,266,TT,AG,CG,AA,GG,CT,,,Brown
Violet Tiramani,268,GT,AG,GG,AA,AG,CC,,,Brown
megaanmaarie,9839,GG,AG,GG,AA,GG,CC,,,Brown
MikesTooLz,466,GG,AA,GG,AA,GG,CT,,,Brown
André Bachmann,549,TT,AG,GG,AA,GG,CT,,,Brown
JenL001,468,GG,GG,GG,AA,GG,CT,,,Hazel
S. Grose,124,GG,AG,GG,AA,GG,TT,,,Green
Lynnie,503,GG,GG,GG,AA,GG,CT,,,Blue
Will,5447,GT,GG,GG,AA,GG,CC,,,Blue
Rolando,420,GG,AG,GG,AA,GG,CT,,,Hazel
Paul G,287,GG,GG,GG,AA,GG,CC,,,Green
R Kirk,296,GT,GG,GG,AA,GG,CC,,,Hazel
Grabowski,554,GT,AG,GG,AA,GG,CC,,,Brown-Green
Erhan,572,GG,AG,CG,AA,GG,CC,,,Blue-Green
TAK,305,GT,AG,GG,AA,AG,CC,,,Hazel
Kevin Frad,644,GT,AA,GG,AA,GG,CC,,,Brown
claudia,311,GG,AA,GG,AA,GG,CC,,,Brown
Mateo,322,GG,AA,GG,AG,AG,CC,,,Hazel
Kadu,1010,GG,AG,CG,AA,GG,CC,,,Brown
LOU,497,TT,GG,CG,AA,GG,CC,,,Mixed
Mireille JOUE,502,GG,AG,GG,AA,GG,CC,,,Blue-Green
Chris Crockford,664,GT,AG,GG,AA,GG,CC,,,Brown
Yogin of Illusion,337,TT,GG,CG,AA,GG,CC,,,Green
Go!blin,349,TT,GG,CG,AA,GG,CC,,,Green
Freya Borries,341,TT,GG,GG,AA,GG,CC,,,Blue-Grey
L L C,561,TT,AG,GG,AA,AG,CT,,,Brown
Lizzie,352,GT,GG,GG,AA,GG,CC,,,Blue
Graham,1013,TT,AG,GG,AA,GG,CT,,,Hazel
Stephane Bourgeois,835,GT,AG,GG,AA,,CC,,,Brown-Green
Jordan Carroll,357,GT,AG,CC,AG,AG,CC,,,Brown
Thomas Mailund,836,TT,GG,GG,AA,GG,CT,,,Blue-Grey
Nick Reshetnikov,363,TT,GG,GG,AA,AG,CC,,,Blue-Grey
Justin Grimes,180,GG,GG,GG,AA,GG,CC,,,Hazel
Konrad Witte,563,GG,AA,GG,AA,GG,CC,,,Brown
Larry Osprey,380,GT,AG,GG,AA,GG,CC,,,Brown-Green
Anon gene,319,GG,AG,GG,AA,GG,TT,,,Blue-Green
Robert Horley,439,TT,GG,GG,AA,GG,CT,,,Blue-Green
Maddietuttle,9450,GT,AG,GG,AA,GG,CC,,,Brown
Judith Blunt,279,GT,AA,GG,AA,GG,CC,,,Brown
Christine Hawes,595,GG,AG,GG,AA,GG,CC,,,Hazel
alias,609,GT,GG,GG,AA,GG,CC,,,Blue
Denise Dettloff,762,TT,AG,GG,AA,GG,CC,,,Brown
Donald Meek,806,GG,GG,GG,AA,GG,CC,,,Blue-Green
Jennifer Jewell,761,TT,AG,GG,AA,GG,CC,,,Hazel
David Hesse,887,GT,GG,GG,AA,GG,CC,,,Blue
Civ Gold,651,GG,GG,GG,AA,GG,CT,,,Blue
alice,776,TT,GG,GG,AA,GG,CC,,,Blue
Aaron Hathaway,678,GG,AA,GG,AA,GG,CC,,,Brown
Altorfer,328,TT,AG,GG,AA,GG,CC,,,Brown-Green
SK,675,GT,AA,CC,GG,GG,CC,,,Brown
Jamie,839,GG,GG,GG,AA,GG,CC,,,Blue-Grey
Norman Gantlesmit,777,TT,AG,GG,AA,GG,CC,,,Brown
Roberta ohler,721,GT,AG,GG,AA,AG,CC,,,Blue-Grey
Tuomas Hietanen,645,GG,GG,GG,AA,AG,CC,,,Blue-Green
Mirasol,688,GT,AA,CC,GG,AG,CC,,,Brown
Jeff Friedman,722,GG,AG,GG,AA,GG,CC,,,Brown-Green
TJ,682,TT,GG,GG,AA,GG,CC,,,Blue
James Edwards,693,GG,AG,GG,AA,GG,CC,,,Hazel
Mike Cairns,850,GT,GG,GG,AA,GG,CT,,,Blue
fo121c,758,GG,GG,GG,AA,GG,CC,,,Blue
Michael Winemaster,854,GT,AG,CG,AA,GG,CC,,,Brown
Jarrod,749,TT,GG,GG,AA,GG,CT,,,Blue
Keith Bettinger,754,GT,AG,GG,AA,GG,CC,,,Brown
Civ's Father,903,GT,GG,,AA,,,,,Blue
sheila,912,GG,GG,GG,AA,GG,CC,,,Blue
f0rky,583,GT,GG,GG,AA,GG,CT,,,Blue-Grey
Sura,748,GT,AG,GG,AA,GG,CT,,,Brown
Valikhan Dumshebayev,146,GT,AA,CG,AA,GG,CC,,,Brown
a,782,GG,GG,CG,AA,GG,CC,,,Green
Anna,798,GT,AG,GG,AA,GG,CC,,,Brown-Green
Meg Apple,799,GG,AG,GG,AA,GG,CT,,,Brown-Green
Stanfill,811,GT,GG,GG,AA,GG,CT,,,Blue-Green
Simpson clan member 001,813,GT,AG,GG,AA,GG,CT,,,Brown
Ana Arango,803,GG,AG,GG,AG,GG,CC,,,Brown
Amir,440,GG,AG,GG,AA,GG,CC,,,Brown
Valerie Craft,159,TT,GG,GG,AA,GG,CT,,,Blue-Green
David Cooper,865,GT,GG,GG,AA,GG,CT,,,Green
mmwc617,8274,TG,AG,,AA,GG,CC,,,Brown
biotechdj,168,GT,GG,CG,AG,AG,CT,,,Hazel
JS,845,GT,AG,CG,AA,GG,CC,,,Brown
M. Beaver,951,GT,AG,GG,AA,GG,CC,,,Brown
David T Wilcox,952,GG,GG,GG,AA,GG,CC,,,Green
James Hoffmann,949,GG,GG,GG,AA,GG,CT,,,Blue-Grey
Yeti,829,TT,GG,GG,AA,,CC,,,Blue-Grey
markus,926,GG,AG,GG,AA,AG,CC,,,Brown
Sean Jones,968,GG,GG,GG,AA,GG,CT,,,Blue
joshua,1022,GT,GG,GG,AA,GG,CT,,,Blue-Green
MH,842,GG,GG,GG,AA,GG,CC,,,Blue-Green
Stephanie Baker,1026,GG,GG,CG,AA,GG,CC,,,Hazel
JT,6269,GT,GG,GG,AA,GG,CC,,,Blue-Green
Vincent,4671,GG,AG,GG,AA,GG,CC,,,Brown
Marshall Garland,1034,GG,AA,GG,AA,AG,CC,,,Brown
anthony fossella,726,GG,GG,CG,AA,AG,CC,,,Brown-Green
tossssco,1420,GG,AA,GG,AA,GG,CC,,,Brown
Daniel Goldowitz,11,GG,AA,CG,AA,AG,CC,,,Brown
Fabienne,1424,GT,GG,GG,AA,GG,CC,,,Blue-Grey
hiltjn,7080,TT,AA,GG,AA,GG,CC,,,Brown
Sam Hill,1600,TT,GG,GG,AA,GG,CT,,,Blue
april,1375,GT,AA,CG,AG,GG,CC,,,Brown
Patricia Sterkowitz,4440,GG,GG,,AA,GG,CC,,,Brown
Sheila Clark,1028,TT,GG,GG,AA,GG,CC,,,Blue
Polyanna,1445,GG,GG,GG,AA,GG,CC,,,Green
Bryan E,216,GT,GG,GG,AA,GG,CC,,,Blue
Zack,44,GG,AA,CC,AA,GG,CC,,,Brown
Rodney Jewett,1036,GG,AG,GG,AA,GG,CC,,,Brown
MinniePearl,918,GG,AG,GG,AA,GG,CC,,,Brown
Einsky,9078,GT,AG,GG,AA,GG,CC,,,Brown
Ingemar,1039,GG,GG,GG,AA,GG,CC,,,Blue
Heather,3886,GG,GG,,AA,GG,CC,,,Mixed
Double L,3904,GG,AA,CC,GG,AA,CC,,,Brown
Bill Bradford,1040,GT,AG,GG,AA,GG,CT,,,Mixed
Roger Mitchell,832,GG,AA,CC,AG,GG,CC,,,Brown
NC,5456,GT,GG,GG,AA,GG,CC,,,Hazel
katie,11819,GG,GG,GG,AA,GG,CT,,,Green
heather suhrbur,3905,TT,AG,GG,AA,GG,CC,,,Brown-Green
Angel M. Felicisimo,4672,GG,AG,GG,AA,GG,CC,,,Brown
Patrice Scott,160,GG,GG,CG,AG,GG,CT,,,Blue-Green
Glenn Hammonds,915,TT,GG,GG,AA,GG,CC,,,Blue
Agron Daja,763,GT,AA,GG,AA,GG,CT,,,Brown
Melina Tafoya,1519,GG,AG,,AG,,CC,,,Brown
Mr X,1059,TG,AG,,AA,GG,CC,,,Hazel
Tom Jansson,5850,GG,GG,GG,AA,AG,CC,,,Blue-Grey
Linda Bique,781,GT,GG,CG,AA,GG,CC,,,Hazel
stacy,5460,GT,AG,GG,AA,GG,CC,,,Brown
Emil Kirkegaard,441,GT,GG,GG,AA,GG,CT,,,Blue
protoomega,3908,TT,GG,GG,AA,GG,CC,,,Blue
ckrate,3964,TT,AA,GG,AA,GG,CC,,,Brown
Emma,1392,GT,AG,GG,AA,GG,CC,,,Brown-Green
mamacita,2453,GT,GG,GG,AA,GG,CT,,,Hazel
Kara Moore,1459,GT,GG,GG,AA,GG,CC,,,Blue
Adam Mico,1066,GT,GG,GG,AA,GG,CC,,,Blue-Grey
Kaitlyn ,1393,TG,AG,,AA,GG,CC,,,Blue
zpd,1275,TT,AG,GG,AA,GG,CT,,,Blue
Anthony R.,1281,GG,AG,GG,AG,GG,CC,,,Brown
gwatson,7082,GG,GG,GG,AA,GG,CT,,,Blue
Timothy MacLaine,1537,GT,AG,GG,AA,GG,TT,,,Brown
Kate Balint,1531,GT,,CG,,AG,CT,,,Hazel
K. Thomas Pickard,294,GT,GG,GG,AA,GG,CT,,,Blue
Mikko Ojanen,473,GG,GG,GG,AA,GG,CC,,,Blue-Grey
Ellie Johns,1288,GT,AG,GG,AA,GG,CC,,,Brown-Green
Vladimir Lupashin,1668,GT,AG,GG,AA,GG,CC,,,Brown
Skylar Erikson,1991,GT,AG,GG,AA,GG,CT,,,Brown
gregtelepenko,1077,GT,GG,GG,AA,GG,CC,,,Blue-Grey
Denice,5719,TT,AG,GG,AA,GG,CC,,,Brown-Green
Chad Heck,1466,TT,AG,CG,AA,GG,CC,,,Brown
1027kms,10260,TT,AG,GC,AA,GG,CC,AA,,Brown
Valentijn,1103,GT,GG,GG,AA,GG,CC,,,Blue
Nathan,1125,GG,AG,GG,AA,GG,CT,,,Brown
frankhpns,1114,GG,AA,GG,AA,GG,CT,,,Brown
claus stie kallesøe,1133,TT,GG,GG,AA,GG,CC,,,Blue
Dee,2000,GT,GG,GG,AA,GG,CT,,,Blue-Green
Mike,1129,GT,GG,GG,AA,GG,CC,,,Blue
Gestalt,533,TT,GG,GG,AA,GG,CC,,,Blue
soler,276,TT,AA,GG,AA,GG,CC,,,Brown
Renee,1134,GG,GG,GG,AA,GG,CT,,,Blue-Green
frenchboy,330,GT,GG,GG,AA,GG,CT,,,Blue
atl404,1142,GT,AA,CG,AA,GG,CC,,,Brown
martin,1467,TT,AG,GG,AA,GG,CT,,,Brown
Emma,1131,GT,GG,GG,AA,AG,CT,,,Blue
Seth Perry,1325,GT,GG,GG,AA,GG,CC,,,Green
Lisa ,1678,TT,AA,CG,AG,GG,CC,,,Brown
Joel F Peres,154,GT,AG,CC,AA,AG,CC,,,Brown
Bernard Secher,574,GT,GG,GG,AA,GG,CC,,,Blue
Erik Aronesty,1470,GT,AG,CG,AA,AG,CC,,,Brown
Mathew Bryant,1494,TT,GG,,AA,GG,,,,Blue
Lgarvey70458,11548,TG,GG,GG,AA,GG,CC,AA,,Hazel
Stephanie Kajpust,2454,GT,GG,GG,AA,GG,CC,,,Blue
Tamara,3547,GT,AG,GG,AA,GG,CC,,,Brown-Green
John Roberts,2291,GG,,,,GG,,,,Blue-Grey
Lisa Magno,2700,GG,AG,GG,AA,GG,CT,,,Hazel
Canrith,2018,GT,AA,GG,AA,AG,CT,,,Brown
simplehuman,4018,GT,AG,GG,AA,GG,CC,,,Brown
Cathalex,943,GG,AG,GG,AA,GG,CC,,,Brown
Aurash,298,GT,AA,CG,AG,AG,CC,,,Brown
Pearl,7565,GT,AG,GG,AA,GG,CC,,,Brown
Bruce Friedman,4679,GG,GG,GG,AA,GG,CC,,,Blue-Green
Kayle,2056,GT,GG,GG,AA,GG,CC,,,Blue
robwidman,8534,GG,GG,GG,AA,GG,CC,AA,,Blue-Grey
MapleLox,2314,GT,AG,GG,AA,GG,CC,,,Hazel
JENNIFER SMITH,3532,GG,GG,GG,AA,GG,CC,,,Green
Tfoose,11062,GG,AG,GG,AA,GG,TC,AA,,Green
pam,1875,GT,GG,GG,AA,GG,CC,,,Green
shany1,6573,GG,AA,GG,AG,GG,CT,,,Brown
di,2008,TT,AG,GG,AA,GG,CC,,,Brown-Green
Bram De Clerck,200,GT,GG,GG,AA,GG,CC,,,Blue
EAC,1879,GG,AA,CG,GG,AG,CC,,,Brown
Oren Barad,1963,GT,AG,GG,AA,GG,CC,,,Brown
Sarah Fergione,2720,GG,AG,GG,AA,GG,CC,,,Hazel
kh1006,2457,GT,AG,GG,AA,GG,CC,,,Hazel
Tornpie,2024,TT,GG,GG,AA,GG,CC,,,Blue
Uli,2133,GG,AA,CC,AA,AG,CC,,,Brown
Ellie,1209,GT,AG,GG,AA,GG,CC,,,Brown
Phyllis Heffner,2455,GG,AG,GG,AA,GG,CC,,,Brown
LE,7089,GT,GG,GG,AA,GG,CC,,,Blue
Alice ,567,TT,GG,GG,AA,GG,CC,,,Green
Ziad Ganim,2725,GG,AG,CG,AA,GG,CC,,,Brown
BRANDI,2748,GG,GG,,AA,GG,CC,,,Blue-Grey
Liz ,2729,GG,AG,,AA,GG,CC,,,Brown
Mustafa,4171,GT,AG,CG,AA,GG,CC,,,Brown
Sandra Lorenz,5478,GT,GG,GG,AA,GG,CT,,,Blue-Grey
Anna,1833,TT,GG,GG,AA,GG,CC,,,Blue
ethos,2759,GT,AG,GG,AA,GG,CC,,,Brown
Jenna Bagby-Moon,2739,GT,GG,CG,AA,GG,CT,,,Blue-Green
Mae,1532,GG,AA,,GG,GG,CC,,,Brown
captccna,366,TT,AG,GG,AA,AG,CT,,,Brown
Edua,2153,GG,AA,GG,AA,AG,CT,,,Brown
PS,2158,GT,GG,GG,AA,GG,CC,,,Mixed
butters,2498,GT,GG,GG,AA,AG,CC,,,Blue-Grey
Brandon Winningham,2568,GT,GG,GG,AA,GG,CC,,,Green
Tyrone Terrell Ausby,2574,GG,AG,,AG,GG,CC,,,Brown
FBlabu,2162,GT,AG,GG,AA,GG,CC,,,Brown-Green
CC,2512,TT,GG,GG,AA,GG,CC,,,Brown-Green
Amy Soyka,2166,TT,GG,GG,AA,GG,CC,,,Blue
Gary,3706,GT,GG,GG,AA,GG,CC,,,Blue-Green
Curt,4066,GG,AG,GG,AA,GG,CC,,,Brown-Green
Sam,2177,TT,GG,GG,AA,GG,CC,,,Blue
Ainnir,2202,GT,GG,GG,AA,GG,CC,,,Green
maru67,1121,GT,AG,GG,AA,GG,CC,,,Hazel
Justin Corsa ,2203,TG,GG,,AA,GG,TC,,,Blue
Heverington,3766,GG,AG,GG,AA,GG,CC,,,Brown
TopherBlake,2217,GG,AA,,AA,,,,,Brown
echofuzz,2513,GG,AA,CG,AG,AG,CC,,,Brown
RufusColtraine,2402,GG,AG,GG,AA,GG,CC,,,Brown
Mary Phillips,4680,GT,AG,GG,AA,GG,CC,,,Brown
locke_skywalker,3967,GG,GG,GG,AA,GG,CC,,,Blue-Grey
kristina morland,3582,GT,AG,GG,AA,GG,CC,,,Hazel
Salena,2307,TT,GG,GG,AA,GG,CT,,,Blue-Green
Robin Goldberg,2576,GG,AA,GG,AA,AG,CC,,,Brown
Ray Miler,4297,GG,GG,,AA,GG,CC,,,Blue-Grey
Sarah New,3780,GG,AG,GG,AA,GG,CC,,,Brown
J A,11520,TT,GG,GG,AA,GG,CC,AA,,Blue-Green
Alan Kasper,646,GT,GG,GG,AA,AG,CT,,,Blue-Grey
Dave K,775,GT,GG,GG,AA,GG,CT,,,Blue
Patricia Sullivan,2276,GT,,,,,CC,,,Brown
SpongyBob,2901,GT,AA,GG,AA,AG,CC,,,Brown
Michael Lopez,2279,GT,AG,GG,AA,GG,CC,,,Brown
Vivek,2616,GG,AG,CC,AG,GG,CC,,,Brown
Julie,3971,TG,GG,,AA,GG,CC,,,Blue-Grey
Patrick Meade,3569,GG,GG,GG,AA,GG,CC,,,Blue-Green
Nik,2570,GT,GG,CC,AA,GG,CC,,,Blue-Green
Mishka,2841,TT,AG,GG,AA,AG,CT,,,Brown-Green
meh,2849,GG,AA,GG,AA,GG,CC,,,Brown
Bo Arleth,3598,TT,AG,GG,AA,GG,CC,,,Hazel
Svan,10,GG,AA,CG,AA,AG,CC,,,Brown
Dimitar Dimitrov,3992,GT,AG,CG,AA,GG,CC,,,Brown-Green
Margaret Nolan,2858,GG,GG,GG,AA,GG,TT,,,Brown-Green
Lynn Andrea,5487,GG,GG,GG,AA,AG,CC,,,Blue
omid,2628,GG,AA,CC,AA,GG,CC,,,Brown
Crystal McCollum,2886,GG,AG,GG,AA,GG,CC,,,Mixed
Jeremy,2890,GT,GG,GG,AA,GG,CC,,,Blue-Green
Karyn,3979,GG,AA,GG,AA,GG,CC,,,Brown
John Moss,2764,GG,GG,GG,AA,GG,CC,,,Blue-Green
Abrambrooks,2887,GT,AG,CG,AG,GG,CC,,,Brown
David Trindle,2633,GT,GG,GG,AA,GG,CT,,,Blue
ChrisB,2894,TG,GG,,AA,GG,CC,,,Blue
Brance Reed,2881,TT,GG,GG,AA,GG,CC,,,Green
April Wagner,5485,GG,AA,,AA,GG,CC,,,Brown
dkv,2645,GT,AG,CC,AG,GG,CC,,,Brown
Ron Leuty,2660,GT,GG,GG,AA,GG,CT,,,Blue
AustinTC,2665,GG,AG,,AA,GG,CC,,,Brown
Mike Lantz,2907,TT,AG,CG,AA,GG,CC,,,Brown
24koba,2675,TT,AA,CC,GG,AA,CC,,,Brown
Bonnie Forshey,4095,TT,AG,GG,AA,AA,CC,,,Hazel
Clark Valentine,3605,GT,GG,GG,AA,GG,CT,,,Brown-Green
Sevgi,3615,GG,AA,CG,AA,GG,CC,,,Brown
Shawn Fisher,3611,GT,GG,GG,AA,GG,TT,,,Blue
Courtney Holloway,3581,GG,GG,CC,AA,GG,CC,,,Hazel
Robert Bermingham,5495,GT,GG,GG,AA,GG,CT,,,Blue
Lloyd Jones,3931,GG,AA,CC,GG,GG,CC,,,Brown
bearcalypse,3934,GT,AA,CG,AA,GG,CC,,,Brown
Dianne Lewis,3913,GT,AA,GG,AA,GG,CT,,,Brown
Rhiannon LaVine,4127,GT,AG,GG,AA,GG,CC,,,Brown
Katja Arre,4694,GT,GG,CG,AA,GG,CC,,,Green
Joshua Powell,4042,TG,AG,,AA,GG,CC,,,Hazel
AM,3626,TG,AG,,AA,GG,CC,,,Brown-Green
Teri,3625,TT,AG,GG,AA,GG,CC,,,Brown
Lucella Luna,3622,GT,AG,GG,AA,GG,CC,,,Brown
CH,3624,GG,GG,,AA,AG,CC,,,Blue
Forest Peterson,1802,GT,GG,GG,AA,GG,CC,,,Blue
kt sin,3930,GT,AG,GG,AA,AG,CT,,,Blue-Green
merrikay,3644,TT,GG,GG,AA,GG,CC,,,Blue
Crista,3643,GT,GG,GG,AA,GG,CC,,,Blue-Green
Michael Mac,3655,TT,GG,GG,AA,GG,CC,,,Green
Polly,3922,GT,AA,CC,GG,GG,CC,,,Brown
wcbengals,8635,GT,GG,CG,AA,AG,CC,,,Hazel
david,1975,GT,AG,GG,AA,GG,CC,,,Brown-Green
Tristan Brunsdon,3642,GT,GG,GG,AA,GG,CT,,,Blue
z704w40,6099,GT,AG,CG,AA,GG,CC,,,Brown-Green
Giovanni DallOlio,75,GG,AG,GG,AA,GG,CC,,,Brown-Green
Kamil,3454,GT,AG,GG,AA,GG,CT,,,Hazel
Alicia,3835,GG,AG,GG,AA,GG,CC,,,Brown-Green
Layna ,3847,GT,GG,GG,AA,GG,CC,,,Blue-Grey
Jillian Jordan,684,GG,GG,CG,AA,GG,CC,,,Blue-Grey
Jerry Garrison,4695,TT,GG,CG,AA,GG,CC,,,Blue
pwmguy,4143,GG,GG,GG,AA,GG,TT,,,Blue
Tracy Lee,4133,GG,GG,,AA,GG,TC,,,Blue-Grey
Janine O'Flaherty,3486,GG,AA,GG,AA,GG,CC,,,Brown
DR Turing,3942,GT,GG,GG,AA,GG,CC,,,Blue-Grey
Maude Miller,3954,TT,GG,CG,AA,GG,CC,,,Blue-Grey
Rebekah,3499,GG,AG,CG,AA,GG,CC,,,Brown
Andreas Huefner,3257,GG,AG,GG,AA,GG,CC,,,Brown-Green
Ollie ,3865,GT,GG,GG,AA,GG,CC,,,Blue-Grey
John Foege,4080,TT,GG,GG,AA,GG,CC,,,Blue
Alexander Zanin,4056,GT,GG,GG,AA,GG,CC,,,Blue-Grey
Queenie,4055,TT,GG,GG,AA,GG,CT,,,Blue
Jbcannaday,4106,GT,GG,GG,AA,GG,CC,,,Blue
Sean,4147,GG,AA,GG,AA,GG,TT,,,Hazel
Hannah,3688,GG,GG,,AA,GG,CC,,,Green
sqpaa,9421,GT,GG,GG,AA,AG,CC,,,Blue
IrishLass,3531,GT,GG,GG,AA,GG,TT,,,Blue
Nash Parovoz,6,GG,AG,GG,AA,GG,CT,,,Brown
Liz,3689,GT,AG,GG,AA,GG,CT,,,Brown-Green
Christina Grant,4159,TT,GG,GG,AA,GG,CC,,,Blue-Grey
Andre,4084,GG,AG,GG,AA,GG,CT,,,Brown-Green
Gabriel Szaszko,3543,GT,GG,GG,AA,GG,CC,,,Blue-Grey
nancy fra,3883,GG,AG,GG,AA,GG,CC,,,Brown
RON,4181,GT,GG,GG,AA,GG,CC,,,Blue-Green
Couscous Nomad,814,GG,AG,CC,AA,GG,CC,,,Mixed
Carole Hogan,7923,GT,GG,GG,AA,GG,CC,,,Blue
birdie gandy,4192,GT,GG,CG,AA,AG,CT,,,Blue
Robbie Parker,4176,GG,AG,,AA,GG,CC,,,Brown
Charles Amrhein,5146,GG,AA,GG,AA,GG,CC,,,Brown
Fallon,4813,GG,AA,CG,AG,GG,CC,,,Brown-Green
Linda,4814,GT,AA,GG,AA,GG,CC,,,Brown
Suzanne Berger,251,GT,GG,GG,AA,GG,CC,,,Blue-Green
Marco,4029,GT,AG,GG,AA,GG,CC,,,Brown-Green
Michael Hetherington,4200,TT,GG,GG,AA,GG,CT,,,Blue
Stephen,3973,GT,AA,CC,GG,GG,CT,,,Brown
Benjamin Willis,5529,GT,AG,CG,AA,GG,CT,,,Hazel
David,4621,GT,AG,GG,AA,GG,CT,,,Blue-Green
Ruth,5540,GT,GG,GG,AA,GG,CC,,,Blue
naturalismus,1085,GG,GG,GG,AA,GG,CC,,,Blue-Green
garfield_79,4825,TT,GG,GG,AA,GG,CC,,,Blue-Green
julien,4859,GT,AG,GG,AA,GG,CC,,,Brown
Pamela Lambert,2278,GT,GG,GG,AA,AG,CC,,,Blue-Grey
Jason ,4833,TT,AG,GG,AA,GG,CT,,,Brown
Lavinia,1968,GT,GG,GG,AA,GG,CC,,,Blue
Kathleen Baker,5557,TT,AG,GG,AA,GG,CC,,,Brown
Stephen Smith,99,GG,GG,GG,AA,GG,CT,,,Blue
Eleanor Finken,4632,GG,AA,GG,AA,GG,CC,,,Brown
Johann Knutsson,175,GG,AG,GG,AA,GG,CC,,,Brown
Julie Gauthier,9135,GT,AG,GG,AA,GG,TT,,,Green
Michele Zimmerman,4834,GG,AG,,AA,GG,TT,,,Blue-Green
Janet Ward,4463,GT,AG,GG,AA,GG,CT,,,Blue-Green
Rebecca,4643,GG,AG,GG,AA,GG,CT,,,Brown-Green
arulguna1986,4851,GT,AA,CC,AG,GG,CC,,,Brown
almelina,90,GG,AG,GG,AA,GG,CC,,,Hazel
Richelle Ludwick,5568,TT,GG,GG,AA,GG,CT,,,Blue-Grey
Tom Hodder,607,GT,GG,GG,AA,GG,CC,,,Blue
JGH79,4064,GG,AG,,AA,GG,TC,,,Green
ack,397,GG,AG,GG,AA,GG,CC,,,Brown-Green
Dominic,11562,TT,GG,GG,AA,GG,CC,AA,,Mixed
gabriel,4346,TT,AG,CG,AA,GG,CC,,,Brown-Green
Mtstjen,4356,GT,AG,GG,AA,GG,CC,,,Hazel
Alexandra,3695,GT,AG,GG,AA,GG,CT,,,Brown-Green
Kayla Turner,2507,GT,GG,GG,AA,GG,CT,,,Mixed
Denise,4359,GT,GG,GG,AA,GG,CT,,,Blue
Sylvia Squirrell,5167,GT,AG,GG,AA,GG,CT,,,Brown
Austin1031,6108,TG,GG,,AA,GG,TC,,,Blue
Matt Hannan,5170,TG,GG,,AA,GG,TC,,,Green
Chip2904,6103,GG,AA,GG,AA,GG,TT,,,Hazel
A dad,4381,GG,AA,CC,GG,AG,CC,,,Brown
Julian,4715,GT,AG,GG,AA,GG,CC,,,Brown
Caroline Gray,5182,GT,AG,GG,AA,GG,CT,,,Brown-Green
sean,5180,GG,GG,CG,AA,GG,CC,,,Blue-Green
A Shah,5185,GG,AG,CC,AG,GG,CC,,,Brown
lvl61261,2571,GG,AG,,AA,GG,TC,,,Brown
Halastjarna,4732,GG,GG,,AA,GG,CC,,,Green
Zeek Daniel,1033,GT,AA,GG,AA,GG,CC,,,Brown
tracy,4735,GT,AG,GG,AA,GG,CC,,,Brown
Brie Fuqua,4646,GG,AG,GG,AA,GG,CC,,,Brown
Ken Nelson,4482,TT,AG,GG,AA,GG,CT,,,Hazel
Steph Smith-Unna,4648,TT,GG,GG,AA,GG,CT,,,Blue
Jennifer F.,5195,GT,AA,CG,GG,GG,CC,,,Brown
Brenda Mundt,4654,TT,AG,,AA,GG,CC,,,Blue-Green
TheaM94,4399,GG,GG,CG,AA,GG,CC,,,Green
Curt Welch,4928,TG,GG,,AA,GG,CC,,,Blue
sabrina,1382,GT,AG,GG,AA,GG,CC,,,Brown-Green
Iseult Rood,4879,TT,GG,GG,AA,GG,CC,,,Mixed
Nic MT,966,GT,AA,GG,AA,GG,CC,,,Brown
James Strickland,2707,GG,GG,GG,AA,GG,CC,,,Hazel
Charles M. Carroll,4502,TT,AG,,AA,GG,CC,,,Brown
Steve Karmeinsky,4230,GG,AG,GG,AA,GG,CC,,,Brown
Dtravailloux ,5207,GT,AG,GG,AA,GG,CT,,,Brown-Green
rolandtian,7929,GT,AA,CC,AG,AA,CC,,,Brown
Krefter,3882,GG,GG,CG,AA,GG,CC,,,Blue
Gary Mullennix,4009,GT,GG,GG,AA,GG,CC,,,Blue
Pepperpod,2648,GG,GG,GG,AA,GG,CC,,,Hazel
J B,5223,GG,GG,GG,AA,AG,CC,,,Blue
steve,925,GG,GG,GG,AA,GG,CC,,,Blue
Teresa Kroner Jackson,3881,GT,GG,GG,AA,GG,CC,,,Green
Lachlan Thomson,808,GT,GG,GG,AA,GG,CC,,,Blue
Orin Hargraves,2826,GT,GG,GG,AA,AG,CC,,,Blue
Richard Meier,481,GT,AG,CG,AA,GG,CC,,,Brown
Daniel Cowdery,4430,GG,GG,,AA,GG,TC,,,Blue-Grey
Jason W.,295,GG,AG,GG,AA,GG,CC,,,Blue-Green
Roland,4507,GT,AA,GG,AA,GG,CC,,,Brown
Justin Loe,437,TT,AG,GG,AA,GG,CC,,,Green
Vickie,3858,GG,GG,,AA,AG,CC,,,Blue-Grey
Cheyenne Parsley,5233,GT,GG,GG,AA,GG,CC,,,Blue
JMN,1499,GG,AG,GG,AA,GG,CT,,,Blue-Green
William,4758,GT,AA,CG,AA,GG,CC,,,Brown
battaway,8291,GG,GG,CG,AA,AG,CT,,,Hazel
Roch Perron,7931,GG,GG,GC,AA,GG,CC,,,Blue-Grey
Veronica,4932,GT,AG,GG,AA,GG,CT,,,Hazel
VANESSA ,5257,TT,GG,GG,AA,GG,CC,,,Blue
Sarah W,9871,GG,GG,GG,AA,GG,CC,,,Blue-Grey
Stephenie,4568,TG,GG,,AA,GG,TC,,,Blue
Kenneth Ottinger,4549,TT,AA,GG,AA,AG,CT,,,Hazel
CCC 78,4569,GT,GG,GG,AA,GG,CC,,,Hazel
David,4597,TT,AG,,AA,GG,CC,,,Brown
Johnivo Flag,3853,GT,AG,GG,AA,GG,CC,,,Brown
griffix,4598,GG,AG,,AA,GG,CC,,,Brown
Penny Kinsella,4587,GG,GG,GG,AA,GG,CT,,,Green
Lb,14,GG,AG,GG,AA,AG,CT,,,Brown
K Feral,4594,GT,GG,GG,AG,AG,CC,,,Blue
Katelyn Bagley,5288,GT,AA,GG,AA,GG,CC,,,Brown
efuest,4602,TT,AG,,AA,GG,CC,,,Hazel
Ahmed Conde Adam,4604,GG,AG,,AG,GG,CC,,,Brown
samira,5302,GG,AA,CC,AA,GG,CC,,,Brown
Jason Byrne,4910,GG,GG,,AA,AG,CC,,,Blue-Grey
Eugene Borukhovich,704,GT,GG,CG,AA,AG,CC,,,Hazel
Wahine,483,GT,AA,CC,AG,GG,CC,,,Brown
Mama_muse,6351,GG,GG,GG,AA,GG,CC,,,Green
Kelly Hannan,5342,GT,AG,GG,AA,GG,CT,,,Hazel
obs_il,779,GT,GG,GG,AA,GG,CC,,,Blue-Grey
Natalie Thurlby,9876,GT,GG,GG,AA,GG,TT,,,Blue
Leanne,5408,GT,AG,GG,AA,GG,CC,,,Brown
Diana,4411,GT,AA,GG,AA,GG,CT,,,Hazel
Rob,5432,GT,GG,CG,AA,GG,CC,,,Blue
vic,4712,GG,GG,CG,AA,GG,CT,,,Mixed
Nathan Thorpe,4797,GT,AG,GG,AA,GG,CC,,,Hazel
Yong Park,4057,GT,AA,CC,GG,AA,CC,,,Hazel
Raine,4796,TT,AG,,AA,GG,CC,,,Brown
Katie,4943,GG,AA,GG,AA,GG,CC,,,Brown
Mark Walters,4954,TG,GG,,AA,GG,TC,,,Blue
SpaceNinja,10959,GG,AA,CG,AA,,CC,,CC,Brown
Ernesto,610,GG,AA,GG,AA,GG,CC,,,Brown
Tom,4983,TT,GG,GG,AG,GG,CC,,,Blue
Rebecca,4985,GG,GG,GG,AA,GG,CC,,,Blue-Green
Donna Panusa,4998,TT,AG,GG,AA,GG,CT,,,Brown
Kate Gallagher,5034,GG,GG,,AA,GG,CC,,,Hazel
Katherine Hancock,9023,TG,AG,GG,AA,GG,CC,AA,,Brown
Robin Alves,5048,GG,GG,GG,AA,GG,CT,,,Blue
Eileen,5073,GG,GG,GG,AA,GG,CT,,,Green
Susan Young,5099,GG,GG,,AA,GG,CC,,,Hazel
Rebecca Lindley,5103,TG,GG,,AA,GG,TC,,,Blue-Green
Mariaber,5105,GT,AG,GG,AA,GG,CT,,,Brown-Green
Aqueous Transmission,6284,GG,GG,CG,AA,AG,CC,,,Blue-Green
Michael W May,5582,GG,GG,GG,AA,GG,CC,,,Blue-Grey
cole tate,5199,GG,GG,,AA,GG,TC,,,Blue
Michell freeman ,6285,GG,GG,GG,AA,GG,CT,,,Blue
Karen Preimesberger,4547,GT,GG,GG,AA,GG,CC,,,Hazel
Abram,5235,GT,GG,GG,AA,GG,CC,,,Blue-Grey
olecl,9519,GT,GG,GG,AA,GG,CC,,,Blue-Grey
markanini,6115,TT,AG,GG,AA,GG,CT,,,Hazel
auroradiem,6367,GT,GG,GG,AA,GG,CT,,,Mixed
Rhys Donaubauer,5612,GG,GG,GG,AA,GG,CC,,,Mixed
Lee,5613,TT,GG,CG,AA,GG,CC,,,Blue-Green
MSB,1980,GT,AG,GG,AA,GG,CT,,,Hazel
Joyce Rollins,5629,GT,GG,GG,AA,GG,CT,,,Blue-Grey
Jacob Millerline,5332,GT,AA,CG,AA,GG,CT,,,Brown
Daniel Munro,2797,GT,GG,GG,AA,GG,CT,,,Blue
Karin O,5168,GG,GG,GG,AA,GG,CC,,,Blue-Green
Tara,8301,TT,GG,CG,AA,GG,CC,,,Blue-Green
joyfitz1,6356,GT,AG,GG,AA,AG,CC,,,Brown
Callie,2969,GT,GG,GG,AA,GG,CC,,,Green
19771962,4441,GT,GG,GG,AA,GG,CC,,,Blue
celia84,10302,GT,GG,GG,AA,GG,CT,,,Mixed
Celia,3885,TG,GG,,AA,GG,CC,,,Blue-Green
Jake,5683,GG,GG,CG,AA,GG,CC,,,Hazel
ab owain,669,GG,GG,GG,AA,GG,CC,,,Blue
verity,5701,GT,GG,GG,AA,GG,CT,,,Blue-Grey
Christian W,1877,GT,AG,CG,AG,AG,CC,,,Brown
Sabrina,5723,TT,AA,CG,AA,GG,CC,,,Brown
Anonymous11,5741,TT,GG,CG,AA,GG,CT,,,Blue-Green
Al Harrold,5743,GT,GG,GG,AA,GG,CC,,,Green
Sherri Taylor,5745,TT,AG,GG,AA,GG,CT,,,Brown
justanotherleftover,924,TT,AA,CG,AA,GG,CC,,,Brown
J Smith,5768,GG,AA,,AA,GG,TC,,,Brown
Alivia Easton,5775,TT,GG,,AA,GG,TC,,,Blue
Jimmy Six,5800,GT,GG,GG,AA,GG,CC,,,Green
Karen Danielsen,5803,GT,AG,CG,AA,GG,CC,,,Brown
R.Ridderbusch,6120,GG,AG,GG,AA,GG,CC,,,Brown
Jane,5821,GT,GG,GG,AA,GG,CC,,,Blue
mike,325,GT,AA,GG,AA,GG,CC,,,Hazel
Joni,5833,TT,AG,GG,AA,GG,CC,,,Brown
Thomas LaRoane,5826,TG,AG,,AG,GG,CC,,,Brown
Nate S,5853,GG,GG,GG,AA,GG,CT,,,Blue-Green
Jenn,5867,GG,AA,,AG,GG,CC,,,Brown
Hannah Lerner,5881,GG,AG,CG,AG,GG,CC,,,Brown
Dean Miller,5884,GT,GG,GG,AA,GG,CC,,,Blue
radi8,6326,GT,AG,,AA,GG,CC,,,Brown-Green
vacantsouls,6187,TT,GG,GG,AA,GG,TT,,,Blue
Lauren,3921,TT,AG,GG,AA,GG,CC,,,Brown
Kristy Stone,5895,GG,GG,,AA,GG,CC,,,Blue-Green
Karsten T Brown,5900,GG,GG,GG,AA,GG,CC,,,Blue
Jason Wallace,2557,GT,AG,GG,AA,GG,CC,,,Brown
beachtraveler9@aol.com,6206,GT,GG,GG,AA,GG,CC,,,Blue-Grey
Stephen Rudd,45,AA,,,AA,CC,,,,Blue-Green
casjtoml,6239,GG,GG,GG,AA,GG,CC,,,Blue-Green
B,5917,TT,GG,GG,AG,GG,CC,,,Mixed
csm,3494,GT,GG,GG,AA,AG,CC,,,Hazel
skeeterramirez,6249,GT,AG,GG,AG,GG,CC,,,Brown
akthompson76,6244,GT,GG,GG,AA,GG,CC,,,Blue-Grey
Francois57070,7611,GT,AG,GG,AA,GG,CC,,,Brown
ANA,5973,GG,AA,GG,AG,GG,CT,,,Brown
lukasfaigenbaum,6124,GT,AG,GG,AA,AG,CC,,,Brown
David Etifier,5989,GT,AG,CG,AG,GG,CC,,,Brown
Ringo Starr,6013,TT,AG,GG,AA,GG,CC,,,Blue-Grey
Claudia,6035,GT,GG,GG,AA,GG,CC,,,Blue-Grey
Wayne Morgan,717,GG,GG,GG,AA,AG,CT,,,Blue-Grey
Graeme,6045,TT,GG,GG,AA,GG,CT,,,Blue
shannon ,6065,GG,AG,CG,AG,GG,CC,,,Brown
Diana Mann,6064,TT,AG,GG,AA,GG,CC,,,Brown
frankram72,6085,TG,AA,,AA,GG,CC,,,Brown
attonconrad,6491,GG,AG,GG,AA,GG,TT,,,Hazel
freddywayne,6074,GG,AA,CC,GG,GG,CC,,,Brown
amanda,4185,GT,AA,GG,AA,GG,CC,,,Brown
Erik,5515,GT,AG,GG,AA,AG,CC,,,Brown
blackbearnh,6859,GT,AG,GG,AA,GG,CC,,,Brown
N2dMistic,6381,TT,AG,GG,AA,AG,CC,,,Hazel
jbearden@ieee.org,6858,GT,AG,,AA,,CC,,,Brown
Noah,6861,GT,AG,GG,AA,GG,CC,,,Blue
saintsimon,6690,TT,GG,GG,AA,GG,CC,,,Blue
Q Bargo,4034,GG,AA,CC,GG,GG,CC,,,Brown
M Bower,7613,TG,GG,GG,AA,GG,CC,,,Hazel
FREEE,7610,GT,AA,CG,AA,GG,CC,,,Brown
Pat Finney,4030,GT,GG,CG,AA,GG,CC,,,Hazel
evitti,6721,TT,AG,GG,AA,GG,CC,,,Hazel
angoldberg,6733,GT,AA,GG,AA,GG,CC,,,Brown
J Friedlander,4111,TG,AG,,AA,GG,CC,,,Hazel
chrylbltn,8656,TG,GG,GG,AA,GG,CC,AA,,Brown-Green
MSCoast30,6484,GT,AA,GG,AA,GG,CC,,,Brown
Samantha B. Clark,8,GG,AA,GG,AA,GG,CC,,,Brown
Lisa E,2023,GT,GG,GG,AA,GG,CC,,,Green
Iskren Ivov Chernev,820,GG,AG,GG,AA,GG,CC,,,Brown
starrydecisis,5155,GG,GG,GG,AA,GG,CT,,,Hazel
vpl,204,GG,GG,GG,AA,GG,CC,,,Blue-Green
James Larry Vick,123,TT,GG,CG,AA,GG,CT,,,Blue
frank,40,TT,GG,GG,AG,GG,CT,,,Blue
José,792,GG,AA,CG,AA,GG,CC,,,Brown
Jens,1987,GT,AG,GG,,,CT,,,Brown
Red Rover,916,TT,AG,GG,AA,GG,TT,,,Brown
Julllucas,9046,TG,GG,GC,AA,GG,CC,AA,,Blue-Green
Eric Uhden,556,GG,AG,GG,AG,AG,CC,,,Brown-Green
Mary Katharine Bretsch,4580,GT,AA,GG,AA,GG,CC,,,Brown
keely,1269,GT,AA,GG,AA,GG,TT,,,Mixed
kstickley,6928,GG,GG,GG,AA,GG,CC,,,Green
Trey,6943,GT,GG,GG,AA,GG,CC,,,Blue-Green
Maureen Markov,17,GG,GG,GG,AA,GG,CT,,,Green
Chloe,5820,GG,GG,GG,AA,GG,CC,,,Mixed
Intelligent1,6936,GT,AA,CC,AG,AG,CC,,,Brown
Jolene,6985,GT,GG,GG,AA,GG,CC,,,Blue-Green
Unfortunate,6981,GT,AA,CC,GG,AG,CC,,,Brown
Tina parker,6993,TT,AG,CG,AA,GG,CT,,,Brown
Dan Sullvian,7020,GG,AA,GG,AA,GG,CT,,,Brown
broszy,7055,GT,AG,GG,AA,AG,CC,,,Brown
Sally,9906,TT,AG,GG,AA,GG,CC,AA,,Green
Lainie Petersen,7072,TT,GG,GG,AA,GG,CT,,,Blue-Grey
Osirispup ,6935,TT,GG,,AA,GG,CC,,,Blue-Grey
jderkits,7098,GG,GG,GG,AA,GG,CT,,,Hazel
ceanzi,8655,TG,GG,GG,AA,GG,TC,AA,,Blue
novemberguest,7114,GT,GG,GG,AA,GG,CT,,,Blue
daisy,2074,GT,GG,GG,AA,GG,CT,,,Blue
imbiber,7014,TT,GG,GG,AA,GG,CC,,,Blue-Grey
alvillalobos,7144,GT,AA,GG,AG,GG,CC,,,Brown
Alexander Richards,9862,GG,GG,GG,AA,GG,CC,,,Blue-Green
meaghan,7155,GT,AG,GG,AA,GG,CT,,,Hazel
Ebrenner1214,7156,TT,AG,GG,AA,GG,CT,,,Brown
Mandy Shurak,1379,GT,GG,GG,AA,GG,CC,,,Blue-Grey
lsm9090,7153,GT,AA,GG,AA,AG,CC,,,Brown
gracellia,10964,GG,GG,GC,AG,AG,CC,AA,,Hazel
mgd23397,7189,GG,GG,,AA,GG,CC,,,Blue-Green
sebek12345,7636,TT,GG,GG,AA,GG,CT,,,Blue-Grey
AnastasiaAlexis,7639,TT,GG,GG,AA,GG,CT,,,Blue
Sarah Pence,7198,GT,GG,GG,AG,GG,CC,,,Blue-Green
vrishchikaa,7199,GT,GG,GG,AA,GG,CT,,,Blue-Grey
mona8080,7954,GT,AG,CG,AG,GG,CC,,,Brown
lukisch,7218,TT,GG,GG,AA,GG,CT,,,Blue
PaisleyShark,8314,GT,AG,GG,AA,GG,CT,,,Hazel
Jonathan Brier,4801,GT,AG,GG,AA,GG,CT,,,Blue
Purpleamy,7214,GG,AG,GG,AA,GG,CC,,,Hazel
vanessadahbour,7955,TT,AG,CG,AA,GG,CC,,,Hazel
Violet101,7945,GT,GG,GG,AA,GG,CC,,,Blue-Green
RyanMWilliams17,7252,GT,GG,GG,AA,GG,CC,,,Blue
Lynn ,4499,GT,GG,GG,AA,GG,CT,,,Blue
Luca,5675,GT,AA,CG,AA,GG,CC,,,Brown
mcc1701,8318,GT,GG,GG,AA,GG,CC,,,Blue-Green
KHHolland,7266,GT,GG,GG,AA,GG,CT,,,Mixed
Lindy,7280,GT,GG,GG,AA,GG,CC,,,Green
Leah Rosenman,7285,GT,AG,GG,AA,GG,CT,,,Hazel
keith grimaldi,411,GT,GG,GG,AA,GG,CC,,,Blue
Pete97,7307,TG,GG,,AA,GG,TC,,,Green
whitneylclark,7312,GT,AA,GG,AA,AG,CC,,,Brown
Itsjojo,11584,GG,GG,GG,AA,AG,CC,,,Hazel
Kevin G Miller,7320,GT,GG,GG,AA,GG,CT,,,Blue-Green
imdesi,7322,GT,GG,GG,AA,GG,CC,,,Green
Timo2001,12214,TG,GG,GG,AA,GG,CC,AA,,Blue-Grey
2redhot,7685,TT,AG,GG,AA,GG,CC,,,Hazel
Darrelle,1996,GG,AG,GG,AA,GG,CC,,,Brown
MindHive,7360,GG,AA,GG,AA,GG,CT,,,Brown
FocusBreathe,7358,GG,AA,GG,AA,GG,CC,,,Brown
Karen Connelly,5098,GG,GG,GG,AG,GG,CT,,,Blue-Green
Denise Gregory,7959,GG,AA,GG,AA,GG,TC,,,Brown
esiason14,4304,TG,GG,,AA,GG,CC,,,Blue-Grey
Daniel Lawrence,7376,TT,GG,,AA,AG,CC,,,Blue
Rebecka,6248,GT,GG,GG,AA,GG,CC,,,Green
Melissa Erwin,1503,TT,GG,GG,AA,GG,CT,,,Blue
Jim Williamson,2207,TG,AG,,AA,GG,CC,,,Hazel
coreygo,323,GT,AG,GG,AA,AG,CC,,,Brown
Stephen Holdeman III,7393,GT,GG,GG,AA,AG,CT,,,Blue-Grey
Malicat,7403,GG,GG,GG,AA,GG,CT,,,Green
karlagibbs,7405,GT,AG,GG,AA,GG,CC,,,Brown-Green
Anna McCauslin,7413,GG,AG,GG,AA,GG,CC,,,Brown-Green
Edith Wacker,7450,GG,AG,GG,AA,GG,CC,,,Blue-Grey
livvylein,7446,GG,AG,GG,AA,GG,CC,,,Brown-Green
Lance Farrell,5164,TT,GG,GG,AA,GG,CT,,,Blue-Green
dottie78161,7475,TT,AG,GG,AA,GG,CC,,,Hazel
ilanso,7471,GG,AG,GG,AA,GG,CC,,,Brown
O. Meier,7504,GG,AG,CG,AA,GG,CC,,,Brown-Green
Darafei,5263,GG,AG,GG,AA,GG,CC,,,Brown
Mark Frischknecht,7510,GT,GG,GG,AA,GG,CT,,,Blue-Grey
Legap,3834,GG,GG,GG,AA,GG,CC,,,Blue-Green
JasonEricBrown,8415,GT,AA,CG,AA,GG,CC,,,Brown
Marc DeJohn,7520,GT,GG,GG,AA,GG,CC,,,Blue-Green
Bastian Greshake Tzovaras,1,GT,GG,GG,AA,GG,CC,,,Blue-Green
ruckuschica,7693,TT,GG,GG,AA,GG,TC,,,Blue-Grey
emeadows317,7547,GT,AA,GG,AG,GG,CC,,,Brown
mmaaeeggss,7568,GG,GG,GG,AA,GG,TT,,,Blue-Grey
Jaydon,4490,TT,AA,GG,AG,AG,CT,,,Brown
Taed Wynnell,8737,GG,GG,GG,AA,GG,CT,,,Hazel
Michael,3821,GG,GG,GG,AA,GG,CT,,,Green
swgrrl78,7967,GT,GG,GG,AA,GG,CT,,,Blue-Grey
dave,1020,GT,GG,GG,AA,GG,CC,,,Blue
jaclynatkins,7585,GG,AG,GG,AA,AG,CT,,,Brown
MSteinhelfer,7466,GG,GG,CG,AA,GG,CC,,,Hazel
Alan,7733,TG,AA,CC,AG,AG,CC,,,Hazel
Michelle Speed,2004,GT,GG,GG,AA,GG,CT,,,Blue-Grey
TMango,7761,GT,AG,GG,AA,GG,CC,,,Blue-Grey
zstandig,7759,TT,AG,GG,AA,GG,CC,,,Brown
Betsy,7757,TG,AA,GG,AA,GG,TC,,,Brown
Derien Pacetti,7763,GG,AG,GG,AA,GG,CC,,,Hazel
Luarev,7787,TT,GG,GG,AA,GG,CT,,,Blue-Grey
Marco Graziano,5274,GG,AG,GG,AA,GG,CC,,,Hazel
Dolphin,8417,TT,GG,GG,AA,GG,CC,,,Mixed
JenSea,7785,GT,GG,GG,AA,GG,CT,,,Blue-Grey
nbzupich,9430,GT,GG,GG,AA,GG,CT,,,Blue-Grey
npbarr2,7981,GT,GG,GG,AA,GG,CC,,,Mixed
Ree Mac,7842,TG,GG,GG,AA,GG,CC,,,Brown-Green
klnielsen ,7857,TG,GG,GG,AA,GG,CC,,,Hazel
Matt Jordan,589,GG,AG,GG,AA,GG,CC,,,Brown
Kristina,7888,TT,AG,GG,AA,AG,CC,,,Green
Paul Conroy,613,GT,AG,GG,AA,AG,TT,,,Brown-Green
alicesusandeexx,7905,GG,AG,GG,AA,GG,CC,,,Brown-Green
Stephen martin,7907,GG,GG,GG,AA,GG,CC,,,Hazel
Robert Peel,187,GT,AA,GG,AA,AG,CC,,,Brown
Pesho Ivanov,637,TT,GG,GG,AA,GG,CC,,,Green
philippe d,7915,GG,GG,GG,AA,GG,CT,,,Blue
FiFiMontgomery ,7485,TT,AG,GG,AA,GG,CT,,,Hazel
Christy10011,9928,TT,GG,GG,AA,GG,TT,,,Blue-Green
Daniel Hjertholm,667,TT,AG,GG,AA,GG,CC,,,Blue-Green
dldenis,8046,GT,AG,GG,AA,GG,CC,,,Brown
Tnyardangel,8058,GG,GG,CG,AA,AG,CC,,,Hazel
ddsawyer,8060,GG,GG,GG,AA,GG,CT,,,Blue-Grey
limitlesshealth,1312,GG,AG,GG,AA,AG,CC,,,Hazel
AslGenes,8073,TT,GG,GG,AA,GG,CT,,,Blue
nolia,6971,GG,GG,GG,AA,GG,CC,,,Green
WibblyWobbly,8090,TT,GG,GG,AA,AG,CT,,,Blue
Arlo12,8363,GT,GG,GG,AA,GG,CC,,,Green
deserara,8675,GT,GG,GG,AA,AG,CC,,,Green
silvestro03,8100,TT,GG,GG,AA,GG,CC,,,Blue-Grey
elastiwoman,9457,GT,AG,GG,AA,GG,CC,,,Brown
Drgut,8134,GT,AA,CG,AG,GG,CC,,,Brown
Sebkeecla,8129,GT,GG,GG,AA,GG,CC,,,Mixed
joshy,8135,GG,GG,GG,AA,GG,CT,,,Green
SJF12,8138,GT,AG,CG,AA,AG,CC,,,Brown-Green
mymaia1996,9072,TT,GG,GG,AA,GG,CC,,,Blue-Green
bpbeach94,8155,GT,AA,GG,AA,GG,CC,,,Brown
jojowolf43,8178,GG,AG,GG,AG,GG,CC,,,Brown
Stickygoose,8379,TG,AG,GC,AG,GG,TC,AA,,Brown
John Maione,2274,TT,GG,GG,AA,GG,CC,,,Blue-Grey
Viking Queen,1970,GT,GG,CG,AA,GG,CC,,,Blue
JustJenn,8202,GG,AG,GG,AA,GG,CT,,,Green
synder,8203,GG,AA,GG,AA,AG,CC,,CC,Brown
mw.pw,8184,GT,AG,GG,AA,GG,CT,,,Brown-Green
HCP,8204,TT,GG,GG,AA,AG,CC,,,Green
jetpackjeff,8206,GG,GG,GG,AA,GG,CC,,,Blue-Green
Justemoi,8212,TG,AG,,AA,GG,CC,,,Brown
steventhom,8246,GT,GG,GG,AA,GG,CT,,,Blue
Tome RG,8423,GG,AG,CG,AA,GG,CC,,,Hazel
Clove1008,8076,GG,GG,GG,AA,AG,CC,,,Blue-Green
tonya osburn,8237,GT,GG,GG,AA,GG,CT,,,Blue
Jonathan,2687,GG,AG,GG,AA,GG,CC,,,Hazel
Sylph,7092,GG,AG,GG,AA,AG,CC,,,Hazel
yogijurg,8403,TT,GG,GG,AA,GG,CC,,,Blue
skrinkle,8266,TT,AG,GG,AA,GG,CT,,,Hazel
Emmajay18,10339,GT,GG,GG,AA,GG,CC,,,Blue
Miguel Rochefort,8701,GT,AG,GG,AA,GG,CC,,,Green
James Smith,807,GG,AG,GG,AA,GG,CC,,,Brown-Green
ryuuseki,8449,GT,GG,GG,AA,GG,CT,,,Blue
Gollaher@gmail.com,4552,GG,GG,,AA,GG,CC,,,Blue-Green
Ebclark,8466,TT,GG,GG,AA,AG,CC,,,Blue-Grey
Serrak58@gmail.com,8476,GT,GG,GG,AA,GG,CC,,,Green
Paprtigrs,8336,GT,AG,GG,AA,AG,CT,,,Brown
mooneyhutch,9081,GG,AG,GG,AA,GG,TC,AA,,Brown
Oliver Tacke,972,GT,GG,GG,AA,GG,CC,,,Blue
Claire,8538,TG,GG,GG,AA,GG,TT,AA,,Blue-Grey
JBMcClure,9143,GT,GG,GG,AA,GG,CT,,,Blue-Green
Sampaige,9133,GG,AG,GG,AA,GG,CT,,,Brown
Philippe Henry,4539,GG,AG,GG,AA,GG,CT,,,Hazel
Julia,9920,GG,GG,GG,AA,GG,CC,,,Blue-Grey
Joshua Hawkins,8554,GT,GG,GG,AA,GG,CC,,,Blue-Green
Magnus Alvestad,602,GG,GG,GG,AA,AG,CC,,,Blue
Apriltimms,8563,GG,AG,GG,AA,GG,TC,AA,,Brown-Green
charliec,8565,GG,AA,GG,AA,GG,CC,AA,,Hazel
jilt1234,8561,TT,GG,GG,,,CC,,,Blue-Grey
Tracy Mortenson,5267,TG,GG,,AA,GG,CC,,,Green
kcot,8578,TG,GG,GG,AA,GG,TC,AA,,Blue-Grey
xyzzyxyzzy,8588,TG,GG,GG,AA,GG,TC,AA,,Blue
cknick,8598,TT,AG,GG,AA,GG,CC,,,Brown
rusty_coupe31,8619,TT,GG,GG,AA,GG,TT,,,Hazel
Jason dinAlt,8731,GT,GG,GG,AA,GG,CC,,,Green
randy,3015,GG,AG,,AA,AG,CC,,,Brown
Nima,8780,GT,AA,CC,AA,,CC,,,Brown
eillac,8788,GG,GG,GG,AA,GG,CC,,,Brown
David B,4837,TT,AG,GG,AA,GG,CT,,,Brown
Ethe2004,6235,TG,AA,,AG,GG,CC,,,Brown
Sanford,4941,GT,GG,CG,AA,GG,CC,,,Green
Sandra Curtis,5397,GT,GG,GG,AA,GG,TT,,,Blue-Grey
Debbz1,8803,GG,AA,GG,AA,GG,CC,,,Hazel
AlanaRosen,8808,GT,AG,GG,AA,GG,CC,,,Hazel
echomadman,4935,GT,AG,GG,AA,GG,CC,,,Blue-Green
Chris Redfield ,8818,GG,AG,CC,GG,GG,CC,,,Brown
Bill Fraser,6005,TT,GG,GG,AA,GG,CC,,,Blue
john zadeh,8841,GT,AA,CG,AA,GG,CC,,,Brown
dmoore164,8852,GT,AG,GG,AA,GG,CT,,,Hazel
Mrslockaby ,8864,GG,GG,GG,AA,GG,CC,,,Blue
map,8874,GT,AA,GG,AA,GG,CC,,,Brown
Steven Berry,954,TT,AA,CG,AA,GG,CT,,,Brown
twistmalchik,8905,GG,GG,GG,AA,GG,CC,,,Blue
jhammell,8911,GT,GG,GG,AA,GG,CC,,,Blue-Green
DrGarGar,9111,GG,AG,GG,AA,GG,TC,AA,,Hazel
Chris1507,8915,TT,GG,GG,AA,GG,CC,,CC,Blue-Grey
An,8930,GG,GG,GG,AA,,CC,,,Blue-Grey
edenlfraser,8939,GG,AG,GG,AA,GG,CC,,,Brown-Green
rssfed23,8934,GT,GG,GG,AA,GG,CC,,,Blue-Green
kellycorvus,8951,TT,GG,GG,AA,GG,CT,,CC,Blue-Grey
tanya,8988,GT,AG,GG,AA,GG,CC,,,Hazel
GreenStar,8977,GG,GG,CG,AA,GG,CT,,,Green
Oamais01,8990,TG,AG,GC,AG,GG,CC,AA,,Brown
Paul Shenton,64,GG,GG,GG,AA,AG,CT,,,Blue
Ivan Henrique Tavares Pauletti,9146,GT,AG,GG,AA,,CC,,,Hazel
Nolan,4173,GT,GG,GG,AA,GG,CC,,,Blue-Grey
igatto,9158,GT,GG,GG,AA,GG,CT,,,Blue
SnowLeopard,9166,GG,AG,GG,AA,GG,CC,,,Brown
Kara,9172,GG,GG,GG,AA,GG,CC,,,Mixed
mbillie13,9164,GG,AA,GG,AA,GG,CC,AT,,Brown
kathy,9185,GT,AG,GG,AA,GG,CC,,,Hazel
 Jeremiah Snow,5924,GG,AG,GG,AA,GG,CC,,,Brown
acm702,9527,TT,AG,GG,AA,GG,CC,,,Hazel
WoodyAR,9539,GG,AG,,AA,GG,CC,,,Brown
Bec1980,9218,GG,AG,GG,AA,GG,TC,AA,,Hazel
James,9215,GT,GG,GG,AA,GG,CT,,,Blue
Joseph Bissell-Maynard,9223,GG,GG,,AA,GG,TT,,,Blue
maw84,9220,GT,AG,CG,AG,GG,CT,,,Brown
Archiveaxx,9232,GG,GG,GG,AA,GG,CC,,,Blue
TiffR,4428,TT,AA,GG,AA,GG,CC,,,Brown
j6182000,9119,GT,AG,GG,AA,GG,CT,,,Blue-Grey
isaare,9262,AC,AG,CC,AA,,GG,,,Brown
iklili,9276,GT,GG,GG,AA,GG,CC,,,Blue
amoore53,7841,GG,GG,GG,AA,GG,CT,,,Green
Frank,9277,TG,AG,GG,AA,GG,CC,AA,,Hazel
Lizbeth Macroon,9489,GG,GG,GG,AA,GG,TT,,,Blue-Grey
Peter,12243,GG,GG,GG,AA,GG,CT,,,Blue
Inna,9468,TT,AG,GG,AA,,CC,,,Green
klmr,822,GT,GG,GG,AA,,CC,,,Green
reneeyc23,9314,GG,AG,GG,AA,AG,CC,AT,,Hazel
gwylim,9324,TT,GG,GG,AA,GG,CC,,,Blue
eclarep,9323,GT,GG,GG,AA,GG,CC,,,Green
cnnewb,9360,GT,AG,GG,AA,GG,CC,,,Brown
DigiGirlFL,9367,GT,GG,GG,AG,GG,CC,,,Blue-Green
klew,7989,GG,AG,GG,AA,GG,CT,,,Hazel
23andmere,9380,GG,GG,GG,AA,GG,CT,,,Green
Ivan,9351,GG,GG,GG,AA,AG,CC,,,Blue-Grey
Adyoull,9372,TT,GG,GG,AA,GG,CC,,,Blue-Grey
mzapolski,9375,GT,AA,CC,GG,GG,CT,,,Brown
cgricef,11585,GG,AA,GG,AA,GG,TC,AT,,Brown
John Lloyd Scharf,141,GG,AG,CG,AA,GG,CC,,,Brown
murat,9246,TT,AG,CG,AA,AG,CC,,,Brown
pedro,9969,GG,AG,GG,AA,GG,CC,,,Brown
Klevine ,7876,GT,GG,GG,AA,GG,CT,,,Blue-Grey
Miguel Graça,8890,GT,AG,GG,AA,,CC,,,Brown-Green
llaruej90,9327,GG,GG,GG,AA,GG,CC,AA,,Blue-Green
FerhatAkgun,9565,GG,AG,GG,AA,GG,CC,,,Hazel
Martin Becze,4032,GG,AG,GG,AA,GG,CC,,,Brown
Grant David Meadors,42,GT,AG,GG,AA,AG,CC,,,Hazel
Nathan,177,GT,GG,GG,AA,GG,CC,,,Blue
Beau Gunderson,60,GG,GG,GG,AA,GG,CC,,,Hazel
Micke Kazarnowicz,81,GG,GG,GG,AA,GG,CC,,,Blue-Green
cmoney1979,9568,GT,GG,GG,AA,GG,CC,,,Blue-Green
morozmatt,9869,GG,AG,GG,AA,GG,CC,,,Brown
kipyatkova,9589,GT,GG,GG,AA,AG,CC,,,Blue-Grey
Erin,2715,TT,GG,,AA,GG,CC,,,Blue
C. Carolus MacPherson,3639,GG,AG,GG,AA,GG,CC,,,Brown-Green
Blzlovr,4048,TT,AG,CG,AA,GG,CC,,,Brown
Scott,4036,GG,GG,GG,AA,GG,CC,,,Hazel
Catfish,9516,GT,AG,GG,AA,GG,CC,,,Brown
Lynne Williamson,4438,TT,GG,GG,AA,GG,CC,,,Blue-Green
ma11hew28,650,GG,GG,CG,AA,GG,CC,,,Hazel
abby,10074,GG,GG,GG,AA,GG,CT,,,Brown-Green
mayamiz,10077,GT,GG,GG,AA,GG,CT,,,Blue-Green
heffanie,10080,TT,GG,GG,AA,GG,CT,,,Green
karen,7379,GT,AG,CG,AG,GG,CT,,,Brown-Green
Helilynn,8529,TG,GG,GG,AA,AG,TT,,,Blue
Robin,3833,GG,GG,,AA,GG,CC,,,Green
Neriade,9126,GT,GG,GG,AA,GG,CC,,,Blue-Grey
Maureen Benjelloun,9616,GG,AG,GG,AA,GG,CC,,,Hazel
kmra1983,10977,TG,AG,,AA,AG,TC,,,Brown-Green
Luana,10948,GG,AG,GG,AA,,CC,,,Brown
sturgeon.tara@yahoo.com,8416,GT,GG,GG,AA,GG,CC,,,Blue-Grey
ganaiu,11008,GT,AA,CC,GG,AG,CC,,,Brown
ske802,9518,GG,GG,GG,AA,GG,TT,,,Blue-Grey
phk,9635,TT,AG,GG,AA,GG,CC,,,Brown-Green
Miquel Roman,4577,GT,AA,CC,AA,GG,CT,,,Brown
GHAMM,9283,GG,GG,GG,AA,GG,TC,AA,,Blue-Grey
Christine Williams,4006,GT,AA,CG,AG,GG,CC,,,Brown
elizabeth.macrie@gmail.com,9039,GG,AG,GG,AA,GG,CC,AA,,Brown
Sarahh79,7232,TT,GG,GG,AA,GG,CT,,,Blue-Grey
April,5830,GG,AA,GG,AA,GG,CT,,,Brown
meganrosebrooks,11013,GG,GG,GG,AA,GG,CC,AT,,Green
Aternias,9399,TT,AG,GG,AA,GG,CC,,,Brown
rlk455,4756,GG,GG,GG,AA,GG,CT,,,Blue
Isoroku,9656,TG,AG,GG,AA,GG,CC,AA,,Brown
Jane Doe,345,GT,GG,GG,AA,GG,CC,,,Blue-Grey
Robert Dawson,55,GT,GG,GG,AA,AG,CC,,,Blue
Charles Vance,1825,GT,AA,GG,AA,GG,CT,,,Brown
redsugar,9672,GT,GG,GG,AA,GG,CT,,,Blue
clau,10012,GT,AA,CG,AA,AG,CC,,,Brown
Thorin Sprandel,4605,GT,AG,GG,AA,AG,CC,,,Brown
aprilshiver,9702,GG,AG,GG,AA,GG,CC,,,Brown
kmastraub,11015,GT,AA,GG,AA,GG,CC,,,Brown
S MacShimidh,2554,TT,GG,GG,AA,GG,CC,,,Blue
lamsh,6989,TT,GG,GG,AA,GG,CC,,,Blue
pmpfe,9726,GT,AA,CG,AA,GG,CC,,,Brown
Piget2284,9743,GT,AG,GG,AA,GG,CC,,,Brown-Green
asprzybysz,9747,GG,AG,GG,AA,GG,CT,,,Brown
everythingspeaches2020,9752,TT,AA,GC,AA,GG,CC,AA,,Brown
Justme22,7053,TT,GG,GG,AA,GG,CC,,,Blue-Grey
CalebJMalcom,9749,GT,GG,GG,AA,GG,CC,,,Blue-Grey
Nemo,9781,TT,GG,GG,AA,GG,CC,,,Green
corneroftheweb@me.com,9784,TT,GG,GG,AA,GG,CC,AA,,Blue
Erikjankoers ,9796,GG,GG,GG,AA,GG,CC,,,Blue-Grey
Adriana Rincon,9799,GG,AG,CG,AG,AA,CC,,,Brown
Kitahotaru,9804,TG,AG,GG,AA,GG,CC,AA,,Hazel
Cesar Duarte,9812,GT,AG,CG,AG,GG,CC,,,Brown
Chijanofuji,9803,TG,AG,GG,AA,GG,CC,AA,,Brown-Green
bettygolden2012,9835,TG,GG,GG,AA,GG,CC,AA,,Blue
laschai,6238,GT,GG,GG,AA,GG,CC,,,Blue-Green
asspat,9832,TG,GG,GC,AA,GG,CC,,,Blue-Green
acacac,10100,GG,AG,GG,AA,GG,CC,AA,,Brown-Green
Elizabeth harris,10097,GG,GG,GG,AA,GG,TC,AA,,Blue
Sammy180,10093,TG,AG,GG,AA,AG,CC,AA,,Brown
Rachpaige,10374,TT,AG,GG,AA,GG,CT,,,Blue-Green
mheffler,6706,TT,AG,GG,AA,GG,CC,,,Hazel
Annie,6192,TT,AG,GG,AA,GG,CC,,,Hazel
jlafount,6589,GT,AA,CG,AA,AG,CC,,,Brown
Efairless,10106,TT,GG,GG,AG,GG,TT,AA,,Blue-Grey
GretalRN,10408,TT,GG,GG,AA,GG,CT,,,Blue-Grey
Joakim Jardenberg,62,GG,AG,GG,AA,GG,CC,,,Brown
Kierstin Singer,10123,GG,GG,GG,AA,GG,CC,,,Green
AuriCrow,7657,TT,GG,GG,AA,GG,CC,,,Mixed
KurtGreis,7195,GG,AG,GG,AA,GG,CT,,,Hazel
rbkloss,10414,GG,AG,GG,AA,,CC,,,Brown
MichaelLloyd,10420,GT,GG,GG,AA,GG,CC,,,Blue-Grey
Path2light,10171,GG,AG,CG,AA,GG,CC,,,Brown
mrshays44,10448,TT,GG,GG,AA,GG,CC,,,Blue-Grey
mark303,10383,GG,GG,GG,AA,AG,TC,AA,,Blue-Grey
lorelai,10430,GG,AA,GG,AA,GG,TC,AT,,Brown
Miko L,9720,GT,AA,CC,GG,AG,CC,,,Brown
Azrael,5442,GT,AG,GG,AA,GG,CC,,,Brown-Green
katiematson,10195,GG,GG,GG,AA,GG,CT,,,Mixed
victor072,10306,GT,AG,GG,AA,,CC,,,Hazel
jpenn1984,10232,TT,AG,GG,AA,GG,CC,AA,,Brown
autovonbackspace,10246,TG,AA,GG,AA,GG,TC,AA,,Brown
dnvrdavid,4897,GT,GG,GG,AA,GG,CC,,,Brown-Green
Kaley White,10469,GT,AG,GG,AA,GG,CC,,,Brown
jellicoe1992,9974,TG,GG,GG,AA,GG,CC,AA,,Green
Rmbnoone,10477,GT,GG,GG,AA,GG,CC,,,Blue-Grey
spang80,10490,GG,AA,GC,AA,GG,CC,AA,,Brown
tilda,11128,GT,AG,CG,AA,GG,CC,,,Hazel
dianetara,8885,TT,GG,,AA,GG,CC,,,Blue-Grey
BQuinney,10497,GT,AG,GG,AA,GG,CC,,,Green
Dana,5310,TT,AG,GG,AA,GG,CC,,,Brown-Green
OttrChris,8217,GT,GG,GG,AA,GG,CC,,,Blue
Afaldrabecus,10530,TG,GG,GG,AA,GG,CC,AA,,Blue-Grey
PaxLeo-III,10507,TT,AG,GG,AA,GG,CC,,,Hazel
hidwoodnat86,10986,GT,AG,GG,AA,GG,CT,,,Brown-Green
RAYBURN,11053,TT,GG,GG,AA,GG,CC,AA,,Blue
Daiten,11641,GG,GG,CG,AA,,CC,,,Blue-Green
atelepen,1075,GG,GG,GG,AA,AG,CT,,,Blue-Green
David Roberts,2334,GT,GG,GG,AA,GG,CT,,,Blue-Green
Chuzza,11643,TT,AG,CG,AA,GG,CT,,,Brown
JIrwin82,11076,GG,GG,GG,AA,GG,CC,,,Blue-Grey
Discohoe,10828,GT,GG,GG,AA,AG,CT,,,Blue-Grey
Duck ,10827,GG,GG,,AA,AG,CC,,,Blue-Green
Cheryl L Alford,9281,TG,AG,GG,AA,GG,CC,AA,,Brown
Sheri Greene Richard ,10868,GT,GG,GG,AA,GG,CT,,,Blue-Green
Enki,11082,GT,AG,GG,AA,GG,CT,,,Brown
jose37maria,11087,GT,AA,CG,AA,GG,CT,,,Brown
Krazed,10897,TG,GG,GG,AA,GG,TC,,,Blue-Grey
gkkaufman,11135,TG,GG,GC,AA,AG,CC,AA,,Hazel
Mikasa_adelyn,10926,GT,AG,GG,AA,GG,CC,,,Hazel
dmiller67,10919,TT,GG,GG,AA,GG,CC,,,Blue
Duck Jin Yoon,10632,GT,AA,CC,GG,AA,CC,,,Brown
nprince1,10962,TG,GG,GC,AA,GG,CC,,,Brown-Green
Saule ,11360,GG,AA,CC,GG,GA,CC,,,Brown
R-BY86444,500,GT,AG,GG,AA,GG,CC,,,Blue-Grey
Kat,11393,TG,GG,GG,AA,GG,CC,AA,,Blue-Grey
TracelSvC,11397,GG,AG,GG,AA,GG,TC,AA,,Brown
Haycostbitt ,12274,GT,AG,CG,,,CC,,,Brown
Susan,4349,GT,GG,GG,AA,GG,CC,,,Mixed
Jeff Hsu,656,GG,AA,CC,GG,AG,CC,,,Brown
Z,4962,GT,GG,GG,AA,GG,CC,,,Blue
Sierra Phillips ,11441,GT,GG,GG,AA,GG,CC,,,Blue
Aussie,429,TT,GG,GG,AA,GG,CC,,,Blue-Green
Stefanie Armstrong ,11502,TT,GG,GG,AA,AG,CC,AA,,Mixed
Love,11499,GG,AA,CG,AG,GG,CC,,,Brown
SasukeUchiha,10508,TG,AG,,AA,GG,CC,,,Brown
rmoshof77,11528,GG,AG,GG,AA,GG,TC,AA,,Brown
Mark Davis,36,GG,AG,GG,AA,GG,CC,,,Hazel
rplanas,11529,GT,AG,CG,AG,GG,CC,,,Brown
Takiwatanga,11698,GT,AG,GG,AA,GG,CC,,,Brown-Green
l99,11747,GG,AA,CC,AA,GG,CC,AA,,Brown
owl,11531,GG,AG,GG,AA,GG,CC,,,Hazel
aerogurl72,11753,TG,GG,GG,AA,GG,TC,AA,,Blue-Grey
VGC300,11790,GG,AG,GG,AA,GG,CT,,,Hazel
jordypotty,11795,TT,AG,GG,AA,GG,CC,AA,,Hazel
cacique,11796,GT,AA,GG,AA,GG,CC,,,Brown
1234hjkl,10279,GT,AG,GG,AA,GG,CC,,,Hazel
steffa,11828,GG,AG,GG,AA,GG,CC,AT,,Brown
mercnurc,11867,TG,AG,,AA,GG,CC,,,Brown
Margatota,11875,TT,GG,GG,AA,GG,CC,,,Blue
Ann,11878,TT,GG,GG,AA,GG,CC,,,Green
stephen bradley,5475,GT,GG,GG,AA,GG,CC,,,Blue-Green
sweetblasphemy,11935,GT,GG,GG,AA,GG,CC,,,Blue-Green
mittensmel,11925,GG,GG,GG,AA,AG,CC,AA,,Blue-Grey
30r3l365,11931,TG,GG,GG,AA,GG,TC,AA,,Green
peculiarly,11963,GT,AG,GG,AA,GG,CC,,,Brown
John Paterson,12019,TG,AG,GG,AA,GG,TC,AA,,Brown
Ingo Bading,16,GT,GG,GG,AA,GG,CC,,,Blue-Grey
ashleymae7@gmail.com,12010,GG,AG,GG,AA,GG,CC,,,Brown
lizapari,12026,GG,GG,CG,AG,GG,CC,,,Brown-Green
genetix,12049,GG,GG,GG,AA,GG,CC,,,Hazel
Lana ,11012,GG,GG,GC,AA,GG,TC,AA,,Blue
Amyerin,12062,TT,AG,GG,AA,GG,CC,AA,,Brown-Green
Rhonda Lea Kirk Fries,368,GG,GG,GG,AA,GG,CC,,,Blue-Grey
Giles,12122,GG,GG,GG,AA,GG,CC,AA,,Blue
patrick760,10141,GT,GG,GG,AA,GG,CC,,,Blue
rcaruso1912,12152,TG,GG,GG,AA,GG,TC,AT,,Blue-Grey
bioinformagician ,77,,GG,,,,,,,Hazel
Daniel Williams,2183,,AG,,AA,GG,,,,Hazel
RumandCoke,8947,,GG,,AA,,CC,AA,,Blue
Jennifer Lynn Savage Hurley,5494,,GG,,AA,,CC,AT,,Blue
Jose Hernandez,6093,,AA,,AG,,CC,AA,,Brown
KolliWulfsbane,7099,,AG,,AA,,CC,AA,,Hazel
Vincent Mario Falvo,5531,,AA,,AA,,CC,AA,,Brown
Carriann Forbis,5536,,AG,,AA,,CC,AA,,Brown
sesteele21,7854,,AG,,AA,,CC,AA,,Hazel
mark,5154,,GG,,AA,,CC,AA,,Green
Katy,6105,,GG,,AA,,TC,AT,,Blue-Grey
mp,6599,,AG,,AA,,CC,AA,,Hazel
rrogo,5176,,GG,,AA,,CC,AA,,Blue
SatoriFound,7103,,GG,,AA,,TT,AA,,Mixed
JetGirl,5249,,GG,,AA,,CC,AA,,Blue-Grey
JoDa,5359,,AG,,AA,,CC,AT,,Brown
ethik,5351,,GG,,AA,,CC,AA,,Blue-Grey
Sabrina,4996,,GG,,AA,,CC,AA,,Blue-Green
Daniel,5027,,GG,,AA,,CC,AA,,Blue
vbloyer,5107,,GG,,AA,,CC,AA,,Hazel
susanne,5633,,GG,,AA,,TC,AA,,Blue
mhaizlip82,6296,,GG,,AA,,CC,AA,,Blue
Lolly,5659,,GG,,AA,,TC,AA,,Blue-Green
Callum Wilson,5709,,AG,,AA,,TC,AA,,Blue-Green
Ben Pettis,5728,,AG,,AA,,TC,AA,,Hazel
drharris,6117,,AG,,AA,,CC,AA,,Brown
Camden,5795,,AG,,AA,,TC,AA,,Brown-Green
josh ferguson,6131,,AG,,AA,,TC,AA,,Brown
a_burriesci91,5581,,AG,,AA,,TC,AA,,Hazel
Kris M,6189,,GG,,AA,,CC,AA,,Blue-Green
naandress,6341,,GG,,AA,,TC,AA,,Blue-Green
JCalvert,6221,,AG,,AA,,CC,AA,,Hazel
Mark Evans,5221,,GG,,AA,,CC,AA,,Green
Megalorich,5961,,AG,,AA,,TC,AA,,Brown
Kelly ,6633,,AG,,AA,,CC,AA,,Hazel
Karis Miller,6634,,AG,,AA,,TT,AA,,Green
Leigh Robert Abbott,6127,,GG,,AA,,CC,AT,,Blue-Green
katelynn,5506,,AG,,AG,,CC,AA,,Brown
geokemp,6738,,AG,,AG,,CC,AA,,Brown
beautifulbooks,6493,,AA,,AG,,CC,TT,,Hazel
branden,7011,,GG,,AA,,CC,,,Blue-Grey
Jared Sylvia,7028,,AG,,AA,,CC,AA,,Brown
Caz57,7141,,AA,,GG,,CC,AA,,Brown
Krlmwd,7134,,AG,,AG,,TC,AA,,Brown
Crimson51,11557,,AG,,AA,,TT,AA,,Green
jmldmk,7953,,AA,,AA,,CC,AA,,Brown
mydaughterisaseason,7190,,GG,,AA,,CC,AA,,Blue
ejbrown4930,6934,,AG,,AA,,CC,AA,,Brown
gypped,7228,,GG,,AA,,CC,AT,,Blue-Grey
indyrah,7297,,AG,,AA,,CC,AA,,Brown
Mahray,8319,,GG,,AA,,TC,AA,,Blue-Grey
amandav,7339,,AG,,GG,,CC,AA,,Brown
grifkami,7345,,GG,,AA,,CC,AA,,Blue
seanl,7454,,GG,,AA,,CC,AA,,Blue
cparker354,7470,,GG,,AA,,TC,AT,,Blue-Grey
Paulak10,7498,,AG,,AA,,CC,AA,,Brown
13DNA13,7561,,AG,,AA,,CC,AA,,Brown
flowerchild59,7569,,AG,,AA,,TC,AA,,Hazel
ANONBSB,7567,,GG,,AA,,TC,AA,,Blue-Grey
Luis Aranguren Carvajal,5998,,AG,,AA,,CC,AA,,Hazel
merlin47129,7781,,AG,,AA,,TT,AA,,Brown-Green
lauraabarlow,7800,,AG,,AA,,CC,,,Brown-Green
Verner3,7244,,GG,,AA,,CC,AA,,Blue-Green
artnagle,8049,,AG,,AA,,CC,AA,,Brown
grableca,8056,,GG,,AA,,TC,AA,,Blue-Green
mbcomer,8360,,GG,,AA,,CC,AA,,Blue-Grey
GRANOLA,8739,,AA,,GG,,CC,TT,,Brown
Mustache77,9129,,AG,,AA,,CC,AT,,Brown
SusanT,5943,,AA,,AA,,CC,AA,,Brown
Pablo,6927,,GG,,AA,,TC,AA,,Blue-Grey
perelgut,6274,,AG,,AA,,TT,AT,,Hazel
Milo Miller,8844,,GG,,AA,,TC,AA,,Blue-Grey
kitten,9480,,AG,,AA,,TT,AA,,Blue-Green
Kenneth Abramowitz,7753,,GG,,AA,,CC,AA,,Hazel
hanasoph,9243,,AG,,AA,,CC,AA,,Brown-Green
Arthur,9247,,AG,,AA,,CC,AA,,Brown
atj,9366,,GG,,AA,,TC,AA,,Blue-Grey
marty83687,8546,,GG,,AA,,CC,AT,,Blue-Green
Omicron,9413,,GG,,AA,,CC,AA,,Blue-Grey
Jlpeele ,7622,,AG,,AA,,TC,AA,,Hazel
David Foy,5501,,GG,,AA,,TC,AA,,Blue
hanasoph,12246,,AG,,AA,,CC,AA,,Hazel
James Goral,5628,,GG,,AA,,CC,AT,,Blue-Grey
scotth,5041,,AG,,AA,,CC,AA,,Hazel
aberzins,10381,,AG,,AA,,CC,AA,,Brown
Damien Palacios,10036,,AG,,AA,,CC,AA,,Brown
mandy534475,5790,,GG,,AA,,TC,AA,,Blue
silverentei,11069,,AG,,AA,,TC,AT,,Mixed
joebro,11396,,AG,,AA,,CC,AA,,Hazel
April Robert,11458,,GG,,AA,,TC,AA,,Blue-Grey
LoonieMew,12284,,AG,,AA,,CC,AA,,Brown
JoLynnAlv,347,,,GG,,GG,CC,,,Blue-Grey
Graham,745,,,GG,,GG,CC,,,Brown
DanD,1071,,,GG,,,CC,,,Brown-Green
Westr,35,,,GG,,,,,,Hazel
Stephen Brammer,2212,,,GG,,,,,,Blue-Green
Jan Santoscoy,71,,,,AA,GG,,,,Brown
ainsley,542,,,,AA,GG,,,,Blue-Grey
Masahiro Nakamura,488,,,,GG,GA,,,,Brown
David C Platt,945,,,,AA,GG,,,,Blue-Grey
Alfred (Freddy) Krupa prof.,72,,,,AA,GG,,,,Brown
itschac,1183,,,,AG,GG,,,,Brown
Rachel Anderson,3993,,,,AA,GG,,,,Hazel
Per-Allan Olsson,5514,,,,AA,GG,,,,Green
Karen Adamson,203,,,,AA,GG,,,,Brown
ugyawali,8641,,,,AA,GG,,,,Brown
ett-1,1092,,,,AA,GG,,,,Blue
Anthem,3068,,,,AA,GG,,,,Brown-Green
Joke,5792,,,,AA,GG,,,,Blue-Grey
Wareaglefaninsc,6184,,,,AA,GG,,,,Hazel
Maria Kuryndina,5913,,,,AA,GG,,,,Brown-Green
YING ZHENG,4644,,,,GG,AA,,,,Brown
JCarter,6885,,,,AA,GG,,,,Hazel
René Becker,6908,,,,AA,GG,,,,Brown
Zaums,6387,,,,AA,GG,,,,Mixed
sr9339,9050,,,,AA,GG,,,,Hazel
ES Ranta,4832,,,,AA,AG,,,,Blue-Grey
byaarondna,7267,,,,AA,GG,,,,Brown
sdaigle318,7688,,,,AA,GG,,,,Green
Katrinlurtz,7384,,,,AA,GG,,,,Brown-Green
Eliza,7377,,,,AA,GG,,,,Brown
lefons82,7538,,,,AA,GG,,,,Brown
ramas,6959,,,,AA,AG,,,,Brown
zkogan,7708,,,,AA,GG,,,,Brown
Josmeete,7732,,,,AA,GG,,,,Blue-Grey
Vanille,7828,,,,AG,GG,,,,Brown
dannekmr,8685,,,,AG,AG,,,,Brown
Aleksandr,8052,,,,AA,GG,,,,Brown
Roxxer,8469,,,,AA,GG,,,,Mixed
assimowitsch,8522,,,,AA,AG,,,,Brown
Jamie Gilbert,8707,,,,AA,GG,,,,Blue-Grey
luis_de_blas,8547,,,,AA,GG,,,,Brown
Tintweezl,8592,,,,AA,GG,,,,Green
Jojo,9107,,,,AA,GG,,,,Blue-Grey
Carlan,8015,,,,AA,GG,,,,Blue-Green
Akmak,9259,,,,AA,GG,,,,Blue-Green
Alexey Minko,4135,,,,AA,GG,,,,Blue-Grey
Hhuth2004,11125,,,,AA,GG,,,,Blue
shanatova,8499,,,,AA,GG,,,,Brown
Charity,1647,,,,,GG,,,,Green
Suvi-Tuuli Allan,463,,,,,,CC,,,Blue-Grey
