eye_color,rs12896399_0,rs12896399_1,rs12896399_2,rs12913832_0,rs12913832_1,rs12913832_2,rs1545397_2,rs16891982_2,rs1426654_0,rs1426654_1,rs1426654_2,rs885479_0,rs885479_2
5,False,True,False,False,False,True,True,True,False,False,True,False,True
2,False,True,False,False,False,True,True,True,False,False,True,False,True
5,False,True,False,False,True,False,True,True,False,False,True,False,True
3,False,True,False,False,True,False,True,True,False,False,True,False,True
3,False,True,False,True,False,False,True,True,False,False,True,False,True
3,False,True,False,True,False,False,True,True,False,False,True,False,True
5,False,True,False,False,True,False,True,True,False,False,True,False,True
0,False,True,False,False,False,True,True,True,False,True,False,False,True
0,False,True,False,False,False,True,True,True,False,False,True,False,True
0,False,False,True,False,False,True,True,True,False,False,True,False,True
0,True,False,False,False,False,True,True,True,False,False,True,False,True
3,False,True,False,False,True,False,True,True,False,False,True,False,True
3,True,False,False,False,True,False,True,True,False,False,True,False,True
3,False,True,False,True,False,False,True,True,False,False,True,False,True
3,True,False,False,False,True,False,True,True,False,False,True,False,True
3,False,True,False,True,False,False,True,True,False,False,True,False,True
5,False,False,True,False,True,False,True,True,False,False,True,False,True
3,False,False,True,False,True,False,True,True,False,True,False,False,True
5,False,True,False,False,True,False,True,True,False,False,True,False,True
0,False,True,False,False,False,True,True,True,False,False,True,False,True
0,False,True,False,False,False,True,True,True,False,False,True,False,True
0,True,False,False,False,False,True,True,True,False,False,True,False,True
6,True,False,False,False,False,True,True,True,False,False,True,False,True
0,False,False,True,False,False,True,True,True,False,False,True,False,True
1,True,False,False,False,False,True,True,True,False,False,True,False,True
0,False,True,False,False,False,True,True,True,False,True,False,False,True
3,False,True,False,False,True,False,True,True,False,False,True,False,True
3,False,False,True,False,True,False,True,True,False,False,True,False,True
3,False,True,False,False,True,False,True,True,False,True,False,False,True
3,True,False,False,False,True,False,True,True,False,False,True,False,True
3,True,False,False,True,False,False,True,True,False,False,True,False,True
3,False,False,True,False,True,False,True,True,False,False,True,False,True
6,True,False,False,False,False,True,True,True,False,False,True,False,True
5,True,False,False,False,True,False,True,True,False,False,True,False,True
0,True,False,False,False,False,True,True,True,False,False,True,False,True
0,False,True,False,False,False,True,True,True,False,False,True,False,True
6,True,False,False,False,True,False,True,True,False,False,True,False,True
5,True,False,False,False,False,True,True,True,False,False,True,False,True
6,False,True,False,False,False,True,True,True,False,False,True,False,True
4,False,True,False,False,True,False,True,True,False,False,True,False,True
1,True,False,False,False,True,False,True,True,False,False,True,False,True
6,False,True,False,False,True,False,True,True,False,True,False,False,True
3,False,True,False,True,False,False,True,True,False,False,True,False,True
3,True,False,False,True,False,False,True,True,False,False,True,False,True
6,True,False,False,True,False,False,True,True,False,True,False,False,True
3,True,False,False,False,True,False,True,True,False,False,True,False,True
1,True,False,False,False,True,False,True,True,False,False,True,False,True
3,False,True,False,False,True,False,True,True,False,False,True,False,True
5,False,False,True,False,False,True,True,True,False,False,True,False,True
5,False,False,True,False,False,True,True,True,False,False,True,False,True
2,False,False,True,False,False,True,True,True,False,False,True,False,True
3,False,False,True,False,True,False,True,True,False,True,False,False,True
0,False,True,False,False,False,True,True,True,False,False,True,False,True
6,False,False,True,False,True,False,True,True,False,False,True,False,True
4,False,True,False,False,True,False,True,True,False,False,False,False,True
3,False,True,False,False,True,False,True,True,False,True,False,False,True
2,False,False,True,False,False,True,True,True,False,False,True,False,True
2,False,False,True,False,False,True,True,True,False,True,False,False,True
6,True,False,False,False,False,True,True,True,False,False,True,False,True
3,True,False,False,True,False,False,True,True,False,False,True,False,True
4,False,True,False,False,True,False,True,True,False,False,True,False,True
1,True,False,False,False,True,False,True,True,False,False,True,False,True
1,False,False,True,False,False,True,True,True,False,False,True,False,True
3,False,True,False,False,True,False,True,True,False,False,True,False,True
3,False,True,False,True,False,False,True,True,False,False,True,False,True
6,True,False,False,False,True,False,True,True,False,False,True,False,True
0,False,True,False,False,False,True,True,True,False,False,True,False,True
3,False,False,True,False,True,False,True,True,False,False,True,False,True
1,True,False,False,False,False,True,True,True,False,False,True,False,True
6,False,False,True,False,True,False,True,True,False,False,True,False,True
0,False,True,False,False,False,True,True,True,False,False,True,False,True
0,True,False,False,False,False,True,True,True,False,False,True,False,True
0,False,False,True,False,False,True,True,True,False,False,True,False,True
3,True,False,False,True,False,False,True,True,False,False,True,False,True
4,False,False,True,False,True,False,True,True,False,False,True,False,True
3,False,True,False,True,False,False,True,True,False,False,True,False,True
2,True,False,False,False,False,True,True,True,False,False,True,False,True
3,False,False,True,False,True,False,True,True,False,False,True,False,True
2,False,True,False,False,True,False,True,True,False,True,False,False,True
1,True,False,False,False,False,True,True,True,False,True,False,False,True
3,False,True,False,True,False,False,True,True,False,True,False,False,True
4,True,False,False,False,True,False,True,True,False,False,True,False,True
0,False,False,True,False,False,True,True,True,False,False,True,False,True
6,True,False,False,False,True,False,True,True,False,False,True,False,True
0,False,True,False,False,False,True,True,True,False,False,True,False,True
0,True,False,False,False,False,True,True,True,False,False,True,False,True
3,False,True,False,False,True,False,True,True,False,False,True,False,True
0,False,False,True,False,False,True,True,True,False,False,True,False,True
3,False,True,False,False,True,False,True,True,False,False,True,False,True
0,False,True,False,False,False,True,False,True,False,False,False,False,False
0,True,False,False,False,False,True,True,True,False,False,True,False,True
2,False,True,False,False,False,True,True,True,False,False,True,False,True
3,False,True,False,False,True,False,True,True,False,False,True,False,True
3,False,True,False,True,False,False,True,True,False,False,True,False,True
5,True,False,False,False,False,True,True,True,False,False,True,False,True
4,False,True,False,False,True,False,True,True,False,False,True,False,True
4,True,False,False,False,True,False,True,True,False,False,True,False,True
1,False,True,False,False,False,True,True,True,False,False,True,False,True
3,False,True,False,False,True,False,True,True,False,False,True,False,True
3,True,False,False,False,True,False,True,True,False,False,True,False,True
3,True,False,False,False,True,False,True,True,False,False,True,False,True
1,False,False,True,False,False,True,True,True,False,False,True,False,True
5,False,True,False,False,False,True,True,True,False,False,True,False,True
3,False,True,False,False,True,False,False,True,False,False,True,False,True
6,False,True,False,False,False,True,True,True,False,True,False,False,True
3,False,True,False,False,True,False,True,True,False,False,True,False,True
3,False,True,False,False,True,False,True,True,False,False,True,False,True
5,True,False,False,False,False,True,True,True,False,False,True,False,True
2,True,False,False,False,False,True,True,True,False,False,True,False,True
2,False,False,True,False,False,True,True,True,False,False,False,False,True
3,True,False,False,False,True,False,True,True,False,True,False,False,True
0,True,False,False,False,False,True,True,True,False,False,True,False,True
1,False,True,False,False,False,True,True,True,False,False,True,False,True
1,True,False,False,False,False,True,True,True,False,False,True,False,True
6,True,False,False,False,False,True,True,True,False,False,True,False,True
1,False,True,False,False,False,True,True,True,False,False,True,False,True
3,True,False,False,False,True,False,True,True,False,False,True,False,True
3,True,False,False,True,False,False,True,True,False,True,False,False,True
4,True,False,False,False,False,True,True,True,False,True,False,False,True
3,True,False,False,True,False,False,True,True,False,False,True,False,True
3,True,False,False,True,False,False,True,True,False,True,False,False,True
2,False,True,False,False,False,True,True,True,False,False,True,False,True
3,False,False,True,True,False,False,True,True,False,False,True,False,True
0,False,False,True,False,False,True,True,True,False,False,True,False,True
3,False,True,False,True,False,False,True,True,False,False,True,False,True
3,True,False,False,False,False,True,False,True,False,False,True,False,True
0,False,False,True,False,False,True,True,True,False,False,True,False,True
5,True,False,False,False,False,True,True,True,False,False,True,False,True
0,False,True,False,False,False,True,True,True,False,False,True,False,True
3,True,False,False,True,False,False,True,True,False,False,True,False,True
3,True,False,False,False,True,False,True,True,False,False,True,False,True
3,True,False,False,False,True,False,True,True,False,False,True,False,True
3,False,True,False,False,True,False,True,True,False,False,True,False,True
0,True,False,False,False,False,True,True,True,False,False,True,False,True
3,True,False,False,True,False,False,True,True,True,False,False,False,True
3,True,False,False,True,False,False,True,True,False,False,True,False,True
6,False,True,False,False,False,True,True,True,False,False,True,False,True
5,True,False,False,False,False,True,True,True,False,False,True,False,True
4,False,False,True,False,True,False,True,True,False,False,True,False,True
3,True,False,False,False,True,False,True,True,False,False,True,False,True
1,True,False,False,False,False,True,True,True,False,False,True,False,True
0,False,False,True,False,False,True,True,True,False,False,True,False,True
3,False,True,False,True,False,False,True,True,False,False,True,False,True
3,True,False,False,False,True,False,False,True,False,False,False,False,True
6,False,True,False,False,True,False,False,True,False,False,True,False,True
2,True,False,False,False,False,True,True,True,False,True,False,False,True
6,False,True,False,False,False,True,True,True,False,False,True,False,True
3,False,True,False,False,True,False,True,True,False,False,True,False,True
0,False,True,False,False,False,True,True,True,False,False,True,False,True
0,False,False,True,False,False,True,True,True,False,False,True,False,True
3,False,False,True,True,False,False,True,True,False,False,True,False,True
4,False,True,False,False,True,False,True,True,False,False,True,False,True
6,False,True,False,False,False,True,True,True,False,False,True,False,True
0,False,True,False,False,False,True,True,True,False,False,True,False,True
2,False,True,False,False,False,True,True,True,False,False,True,False,True
0,False,True,False,False,True,False,False,True,False,False,True,False,True
0,False,False,True,False,True,False,True,True,False,False,True,False,True
3,True,False,False,False,True,False,True,True,False,False,True,False,True
0,True,False,False,False,False,True,True,True,False,False,True,False,True
3,False,True,False,False,True,False,True,True,False,False,True,False,True
6,False,True,False,False,False,False,True,False,False,True,False,False,True
0,False,True,False,False,False,True,True,True,False,False,True,False,True
2,True,False,False,False,False,True,True,True,False,False,True,False,True
4,False,True,False,False,True,False,True,True,False,False,True,False,True
3,False,True,False,False,True,False,True,True,False,False,True,False,True
3,False,True,False,False,True,False,True,True,False,False,True,False,True
2,False,True,False,False,False,True,True,True,False,False,True,False,True
4,False,False,True,False,True,False,True,True,False,False,True,False,True
3,False,False,True,False,True,False,True,True,False,False,True,False,True
3,False,False,True,False,True,False,True,True,False,False,True,False,True
0,False,True,False,False,False,True,True,True,False,False,True,False,True
3,True,False,False,False,True,False,True,True,False,False,True,False,True
3,True,False,False,True,False,False,True,True,False,False,True,False,True
0,False,False,True,False,False,True,True,True,False,False,True,False,True
1,False,True,False,False,False,True,True,True,False,False,True,False,True
0,False,True,False,False,False,True,True,True,False,False,True,False,True
0,False,False,True,False,False,True,True,True,False,False,True,False,True
3,False,False,True,True,False,False,True,True,False,False,True,False,True
1,True,False,False,False,False,True,True,True,False,False,True,False,True
0,False,True,False,False,False,True,True,True,False,False,True,False,True
3,False,True,False,True,False,False,True,True,False,False,True,False,True
3,False,False,True,False,True,False,True,True,False,False,True,False,True
0,False,True,False,False,False,True,True,True,False,True,False,False,True
5,False,True,False,False,False,True,True,True,False,False,True,False,True
3,False,False,True,True,False,False,True,True,False,False,True,False,True
3,False,True,False,False,True,False,True,True,False,True,False,False,True
0,False,True,False,False,False,True,True,True,False,False,True,False,True
3,False,True,False,False,True,False,True,True,False,True,False,False,True
0,False,False,True,False,False,True,False,True,False,False,True,False,False
6,False,True,False,False,False,True,True,True,False,False,True,False,True
0,False,True,False,False,False,True,True,True,False,False,True,False,True
4,False,True,False,False,True,False,True,True,False,False,True,False,True
2,True,False,False,False,False,False,False,False,False,False,True,False,False
6,True,False,False,False,True,False,True,True,False,False,True,False,True
3,False,True,False,True,False,False,True,True,False,True,False,False,True
3,False,True,False,False,True,False,True,True,False,False,True,False,True
3,True,False,False,False,True,False,True,True,False,False,True,False,True
3,False,True,False,True,False,False,True,True,False,True,False,False,True
3,False,True,False,False,True,False,True,True,False,False,True,False,True
1,True,False,False,False,False,True,True,True,False,False,True,False,True
0,False,True,False,False,False,True,True,True,False,False,True,False,True
2,True,False,False,False,False,True,True,True,False,False,True,False,True
6,False,True,False,False,True,False,True,True,False,False,True,False,True
5,True,False,False,False,False,True,True,True,False,False,True,False,True
5,True,False,False,False,True,False,True,True,False,False,True,False,True
5,False,True,False,False,False,True,True,True,False,False,True,False,True
3,True,False,False,True,False,False,True,True,False,False,True,False,True
4,False,False,True,False,True,False,True,True,False,False,True,False,True
0,False,True,False,False,False,True,True,True,False,False,True,False,True
3,True,False,False,True,False,False,True,True,False,True,False,False,True
3,False,True,False,False,True,False,True,True,False,False,True,False,True
6,True,False,False,False,True,False,True,True,False,False,True,False,True
6,False,True,False,False,True,False,True,True,False,False,True,False,True
0,False,False,True,False,False,True,True,True,False,False,True,False,True
3,True,False,False,True,False,False,True,True,False,True,False,False,True
3,False,True,False,False,True,False,True,True,False,False,True,False,True
3,True,False,False,False,True,False,True,True,False,False,True,False,True
0,False,True,False,False,False,True,True,True,False,False,True,False,True
5,False,False,True,False,False,True,True,True,False,False,True,False,True
3,True,False,False,False,True,False,True,True,False,False,True,False,True
2,True,False,False,False,False,True,False,True,False,False,True,False,True
3,True,False,False,False,True,False,False,True,False,False,True,False,True
3,False,True,False,False,True,False,True,True,False,False,True,False,True
2,False,True,False,False,False,True,True,True,False,False,True,False,True
0,False,False,True,False,False,True,True,True,False,False,True,False,True
3,False,True,False,False,True,False,True,True,False,False,True,False,True
1,False,True,False,False,False,True,True,True,False,False,True,False,True
3,True,False,False,True,False,False,False,True,False,False,True,False,True
3,False,False,True,False,True,False,True,True,False,True,False,False,True
3,True,False,False,True,False,False,True,True,False,True,False,False,True
2,False,True,False,False,False,True,True,True,False,True,False,False,True
5,False,True,False,False,False,True,True,True,False,False,True,False,True
3,True,False,False,False,True,False,False,True,False,False,True,False,True
4,False,True,False,False,True,False,True,True,False,False,True,False,True
4,False,False,True,False,False,True,True,True,False,False,True,False,True
0,False,False,True,False,False,True,True,True,False,False,True,False,True
1,False,True,False,False,False,True,True,True,False,False,True,False,True
4,True,False,False,False,True,False,True,True,False,False,True,False,True
0,False,False,True,False,False,True,True,True,False,False,True,False,True
5,False,True,False,False,False,True,True,True,False,False,True,False,True
6,False,True,False,False,True,False,True,True,False,False,True,False,True
0,False,True,False,False,False,True,False,True,False,False,True,False,True
3,True,False,False,False,True,False,True,True,False,False,True,False,True
3,True,False,False,True,False,False,False,True,False,False,False,False,False
3,True,False,False,True,False,False,True,True,False,True,False,False,True
3,True,False,False,False,True,False,True,True,False,False,True,False,True
3,False,True,False,False,True,False,True,True,False,False,True,False,True
2,True,False,False,False,False,True,True,True,False,False,True,False,True
6,False,True,False,False,True,False,True,True,False,False,True,False,True
1,False,False,True,False,False,True,True,True,False,False,True,False,True
3,True,False,False,True,False,False,True,True,False,True,False,False,True
2,True,False,False,False,False,True,False,True,False,False,True,False,True
3,True,False,False,False,True,False,True,True,False,False,True,False,True
1,False,False,True,False,False,True,True,True,False,False,True,False,True
2,False,True,False,False,False,True,True,True,False,True,False,False,True
0,False,True,False,False,False,True,True,True,False,False,True,False,True
3,False,True,False,False,False,False,False,False,False,False,False,False,True
3,False,True,False,True,False,False,True,True,False,True,False,False,True
3,False,True,False,False,True,False,True,True,False,False,True,False,True
3,True,False,False,False,True,False,True,True,False,False,True,False,True
2,False,True,False,False,False,True,False,True,False,False,True,False,True
1,True,False,False,False,False,True,True,True,False,False,True,False,True
1,False,True,False,False,False,True,True,True,False,False,True,False,True
4,False,False,True,False,True,False,True,True,False,True,False,False,True
3,True,False,False,True,False,False,True,True,False,False,True,False,True
6,False,False,True,False,True,False,True,True,False,False,True,False,True
3,True,False,False,True,False,False,True,True,False,True,False,False,True
4,False,True,False,False,True,False,True,True,False,False,True,False,True
4,True,False,False,False,False,True,True,True,False,False,True,False,True
0,True,False,False,False,False,True,True,True,False,True,False,False,True
3,True,False,False,True,False,False,True,True,False,False,True,False,True
1,False,True,False,False,False,True,True,True,False,False,True,False,True
3,True,False,False,True,False,False,True,True,False,False,True,False,True
1,True,False,False,False,False,True,True,True,False,False,True,False,True
3,False,True,False,False,True,False,True,True,False,False,True,False,True
0,False,True,False,False,False,True,True,True,False,False,True,False,True
0,False,True,False,False,False,True,False,True,False,False,True,False,True
5,False,False,True,False,False,True,True,True,False,False,True,False,True
3,True,False,False,True,False,False,False,True,False,False,True,False,True
3,False,True,False,False,True,False,True,True,False,False,True,False,True
0,False,True,False,False,False,True,True,True,False,False,True,False,True
3,True,False,False,False,True,False,False,True,False,False,True,False,True
3,False,False,True,False,True,False,True,True,False,False,True,False,True
3,False,False,True,True,False,False,True,True,True,False,False,False,True
6,False,False,True,False,True,False,True,True,True,False,False,False,True
4,False,True,False,False,False,True,True,True,False,False,True,False,True
3,True,False,False,True,False,False,True,True,False,False,True,False,True
0,False,True,False,False,False,True,True,True,False,False,True,False,True
6,True,False,False,False,False,True,True,True,False,False,True,False,True
0,False,True,False,False,False,True,True,True,False,False,True,False,True
3,True,False,False,True,False,False,True,True,False,False,True,False,True
3,False,True,False,True,False,False,True,True,False,False,True,False,True
3,False,True,False,True,False,False,True,True,False,False,True,False,True
3,False,True,False,False,True,False,True,True,False,False,True,False,True
5,False,True,False,False,False,True,True,True,False,False,True,False,True
6,False,True,False,False,True,False,False,True,False,False,True,False,True
4,False,True,False,False,True,False,False,True,False,False,True,False,True
3,False,False,True,False,True,False,True,True,False,False,True,False,True
3,False,True,False,False,True,False,True,True,False,False,True,False,True
0,True,False,False,False,False,True,False,True,False,True,False,False,True
0,False,True,False,False,False,True,True,True,False,False,True,False,True
1,False,True,False,False,True,False,True,True,False,True,False,False,True
0,False,False,True,False,False,True,True,True,False,False,True,False,True
1,False,True,False,False,False,True,True,True,False,False,True,False,True
5,False,False,True,False,False,True,True,True,False,False,True,False,True
3,False,True,False,True,False,False,True,True,False,False,True,False,True
6,False,True,False,False,False,True,True,True,False,True,False,False,True
4,False,True,False,False,True,False,True,True,False,False,True,False,True
0,False,True,False,False,False,True,True,True,False,False,True,False,True
4,False,True,False,False,True,False,True,True,False,False,True,False,True
4,True,False,False,False,True,False,True,True,False,False,True,False,True
6,False,True,False,False,True,False,True,True,False,False,True,False,True
4,True,False,False,False,True,False,True,True,False,False,True,False,True
2,False,True,False,False,False,True,True,True,False,False,True,False,True
2,True,False,False,False,False,True,True,True,False,False,True,False,True
0,False,False,True,False,False,True,True,True,False,False,True,False,True
0,True,False,False,False,False,True,True,True,False,False,True,False,True
2,True,False,False,False,False,True,False,True,False,False,True,False,True
3,True,False,False,True,False,False,True,True,False,False,True,False,True
2,False,True,False,False,False,True,True,True,False,False,True,False,True
2,False,False,True,False,False,True,True,True,False,False,True,False,True
3,True,False,False,False,True,False,True,True,False,False,True,False,True
4,True,False,False,False,True,False,True,True,False,False,True,False,True
2,False,True,False,False,False,True,True,True,False,False,True,False,True
0,False,False,True,False,False,True,True,True,False,False,True,False,True
2,False,True,False,False,False,True,True,True,False,False,True,False,True
0,False,False,True,False,False,True,True,True,False,False,True,False,True
0,False,True,False,False,False,True,True,True,False,False,True,False,True
6,True,False,False,True,False,False,True,True,False,False,True,False,True
5,True,False,False,False,False,True,False,True,False,False,True,False,True
0,False,True,False,False,False,True,True,True,False,True,False,False,True
0,False,True,False,False,False,True,True,True,False,False,True,False,True
3,True,False,False,False,True,False,True,True,False,False,True,False,True
4,False,True,False,False,True,False,True,True,False,False,True,False,True
2,False,False,True,False,False,True,True,True,False,False,True,False,True
4,True,False,False,False,True,False,True,True,False,False,True,False,True
2,False,True,False,False,False,True,True,True,False,False,True,False,True
3,True,False,False,False,True,False,True,True,False,False,True,False,True
1,False,True,False,False,False,True,True,True,False,False,True,False,True
0,False,True,False,False,False,True,True,True,False,False,True,False,True
0,False,True,False,False,False,True,True,True,False,True,False,False,True
3,True,False,False,False,True,False,False,True,False,False,True,False,True
3,True,False,False,True,False,False,True,True,False,False,True,False,True
4,True,False,False,True,False,False,True,True,False,False,True,False,True
3,False,True,False,True,False,False,True,True,False,False,True,False,True
1,False,True,False,False,False,True,True,True,False,False,True,False,True
4,False,True,False,False,True,False,True,True,False,False,True,False,True
0,False,False,True,False,False,True,True,True,False,False,True,False,True
3,False,True,False,True,False,False,True,True,False,False,True,False,True
6,False,True,False,False,True,False,True,True,False,False,True,False,True
1,False,True,False,False,True,False,True,True,False,False,True,False,True
0,False,True,False,False,False,True,True,True,False,False,True,False,True
1,True,False,False,False,False,True,True,True,False,False,True,False,True
1,False,False,True,False,False,True,True,True,False,False,True,False,True
3,False,True,False,False,True,False,True,True,False,False,True,False,True
2,False,True,False,False,False,True,True,True,False,True,False,False,True
3,False,False,True,False,True,False,True,True,False,False,True,False,True
0,False,True,False,False,False,True,True,True,False,False,True,False,True
3,False,False,True,False,True,False,True,True,False,False,True,False,True
0,True,False,False,False,False,True,True,True,False,False,True,False,True
3,True,False,False,True,False,False,True,True,False,False,True,False,True
3,True,False,False,False,True,False,True,True,False,False,True,False,True
5,False,True,False,False,True,False,True,True,False,False,True,False,True
1,True,False,False,False,True,False,False,True,False,False,True,False,True
1,False,True,False,False,True,False,True,True,False,False,True,False,True
4,True,False,False,False,True,False,True,True,False,False,True,False,True
3,False,True,False,True,False,False,True,True,False,False,True,False,True
6,True,False,False,False,True,False,True,True,False,False,True,False,True
2,False,False,True,False,False,True,True,True,False,False,True,False,True
0,False,True,False,False,False,True,True,True,False,False,True,False,True
5,True,False,False,False,True,False,False,True,False,False,True,False,True
4,True,False,False,False,True,False,True,True,False,False,True,False,True
4,False,False,True,False,True,False,True,True,False,False,True,False,True
6,False,True,False,False,True,False,True,True,False,False,True,False,True
4,False,True,False,False,True,False,True,True,False,False,True,False,True
0,False,True,False,False,False,True,True,True,False,False,True,False,True
3,False,True,False,False,True,False,True,True,False,False,True,False,True
0,False,True,False,False,False,True,False,True,False,False,True,False,True
5,False,True,False,False,False,True,False,True,False,False,True,False,True
6,True,False,False,True,False,False,True,True,False,False,True,False,True
3,True,False,False,True,False,False,True,True,False,True,False,False,True
3,False,True,False,False,True,False,True,True,False,False,True,False,True
4,False,True,False,False,True,False,True,True,False,False,True,False,True
1,True,False,False,False,False,True,True,True,False,False,True,False,True
3,True,False,False,False,True,False,True,True,False,False,True,False,True
3,True,False,False,False,True,False,False,True,False,False,True,False,True
5,True,False,False,False,False,True,False,True,False,False,True,False,True
3,False,True,False,True,False,False,True,True,False,False,True,False,True
3,False,True,False,False,True,False,True,True,False,False,True,False,True
3,True,False,False,False,True,False,True,True,False,False,True,False,True
6,False,False,True,False,True,False,True,True,False,False,True,False,True
0,False,False,True,False,False,True,True,True,False,False,True,False,True
3,False,True,False,True,False,False,True,True,False,False,True,False,True
1,False,False,True,False,True,False,False,True,False,False,True,False,True
5,True,False,False,False,False,True,True,True,False,False,True,False,True
0,False,True,False,False,False,True,False,True,False,False,True,False,True
4,False,True,False,False,True,False,True,True,False,False,True,False,True
3,False,True,False,True,False,False,True,True,False,False,True,False,True
6,True,False,False,False,False,True,True,True,False,False,True,False,True
3,False,False,True,False,True,False,False,True,False,False,True,False,True
3,True,False,False,False,True,False,True,True,False,False,True,False,True
4,False,True,False,False,True,False,True,True,False,False,True,False,True
3,False,True,False,True,False,False,True,True,True,False,False,False,True
0,True,False,False,False,False,True,True,True,False,False,True,False,True
0,False,True,False,False,False,True,True,True,False,False,True,False,True
6,True,False,False,False,False,True,True,True,False,False,True,False,True
0,True,False,False,False,False,True,True,True,False,True,False,False,True
0,True,False,False,False,False,True,True,True,False,False,True,False,True
5,False,True,False,False,False,True,True,True,False,False,True,False,True
0,False,True,False,False,False,True,True,True,False,False,True,False,True
0,False,True,False,False,False,True,True,True,False,True,False,False,True
3,False,True,False,False,True,False,True,True,False,False,True,False,True
2,True,False,False,False,False,True,False,True,False,False,True,False,True
1,True,False,False,False,True,False,True,True,False,False,True,False,True
3,False,True,False,True,False,False,True,True,False,False,True,False,True
5,False,False,True,False,True,False,True,True,False,False,True,False,True
2,True,False,False,False,False,True,False,True,False,True,False,False,True
0,False,True,False,False,False,True,True,True,False,False,True,False,True
1,True,False,False,False,True,False,True,True,False,False,True,False,True
3,False,True,False,True,False,False,True,True,False,False,True,False,True
6,True,False,False,False,False,True,True,True,False,True,False,False,True
2,True,False,False,False,False,True,True,True,False,False,True,False,True
6,False,True,False,False,True,False,True,True,False,False,True,False,True
0,False,False,True,False,False,True,True,True,False,False,True,False,True
2,True,False,False,False,False,True,True,True,False,False,True,False,True
0,False,True,False,False,False,True,False,True,False,False,True,False,True
6,False,False,True,True,False,False,True,True,False,True,False,False,True
6,False,True,False,False,False,True,True,True,False,False,True,False,True
3,False,False,True,False,True,False,False,True,False,False,True,False,True
3,False,True,False,False,True,False,True,True,False,False,True,False,True
3,True,False,False,False,True,False,False,True,False,False,True,False,True
5,True,False,False,False,False,True,True,True,False,False,True,False,True
3,True,False,False,False,True,False,True,True,False,True,False,False,True
0,False,True,False,False,False,True,True,True,False,True,False,False,True
3,False,True,False,True,False,False,True,True,False,False,True,False,True
6,False,False,True,False,True,False,False,True,False,False,True,False,True
3,True,False,False,False,True,False,False,True,False,False,True,False,True
3,True,False,False,True,False,False,True,True,False,False,True,False,True
2,True,False,False,False,False,True,False,True,False,True,False,False,True
6,False,True,False,False,False,True,True,True,False,True,False,False,True
3,False,True,False,True,False,False,True,True,False,False,True,False,True
5,True,False,False,False,False,True,True,True,False,False,True,False,True
6,False,True,False,False,True,False,True,True,False,False,True,False,True
2,False,True,False,False,False,True,True,True,False,False,True,False,True
0,False,True,False,False,False,True,True,True,False,False,True,False,True
3,False,True,False,False,True,False,True,True,False,False,True,False,True
6,False,True,False,True,False,False,True,True,False,False,True,False,True
0,False,True,False,False,False,True,True,True,False,False,True,False,True
6,False,True,False,False,True,False,True,True,False,False,True,False,True
6,False,True,False,True,False,False,True,True,True,False,False,False,True
3,False,False,True,False,True,False,False,True,False,False,True,False,True
3,True,False,False,True,False,False,True,True,False,False,True,False,True
0,False,True,False,False,False,True,False,True,False,False,True,False,True
3,True,False,False,True,False,False,True,True,False,False,False,False,True
3,True,False,False,True,False,False,True,True,False,False,True,False,True
0,False,False,True,False,False,True,True,True,False,False,True,False,True
1,True,False,False,False,False,True,True,True,False,False,True,False,True
3,False,False,True,False,True,False,True,True,False,False,True,False,True
6,True,False,False,False,False,True,False,True,False,False,True,False,True
3,False,True,False,False,True,False,True,True,False,False,True,False,True
0,True,False,False,False,False,True,True,True,False,False,True,False,True
5,True,False,False,False,False,True,True,True,False,False,True,False,True
6,True,False,False,False,False,True,False,True,False,False,True,False,True
1,False,True,False,False,False,True,False,True,False,False,True,False,True
4,False,True,False,False,True,False,True,True,False,False,True,False,True
1,True,False,False,False,False,True,True,True,False,True,False,False,True
2,True,False,False,False,False,True,True,True,False,False,True,False,True
0,True,False,False,False,False,True,False,True,False,False,True,False,True
0,True,False,False,False,False,True,True,True,False,False,True,False,True
6,False,True,False,False,False,True,True,True,False,False,True,False,True
2,False,True,False,False,False,True,True,True,False,False,True,False,True
2,False,True,False,False,False,True,True,True,False,False,True,False,True
6,False,False,True,False,True,False,True,True,False,False,True,False,True
1,False,False,True,False,False,True,True,True,False,False,True,False,True
6,False,True,False,False,True,False,True,True,False,False,True,False,True
2,False,True,False,False,False,True,True,True,False,False,True,False,True
3,False,True,False,True,False,False,True,True,False,False,True,False,True
0,False,True,False,False,False,True,True,True,False,False,True,False,True
1,True,False,False,False,False,True,True,True,False,False,True,False,True
1,False,False,True,False,False,True,True,True,False,False,True,False,True
3,False,True,False,False,True,False,True,True,False,True,False,False,True
5,False,True,False,False,False,True,True,True,False,False,True,False,True
0,False,True,False,False,False,True,True,True,False,False,True,False,True
1,False,True,False,False,False,True,False,True,False,False,True,False,True
6,True,False,False,False,False,True,True,True,False,False,True,False,True
0,True,False,False,False,False,True,True,True,False,False,True,False,True
2,False,True,False,False,False,True,True,True,False,False,True,False,True
3,False,True,False,False,True,False,True,True,False,True,False,False,True
3,False,False,True,True,False,False,True,True,False,False,True,False,True
1,False,False,True,False,False,True,True,True,False,False,True,False,True
5,False,True,False,False,False,True,True,True,False,False,True,False,True
3,False,False,True,False,True,False,True,True,False,False,True,False,True
3,False,False,True,True,False,False,True,True,False,False,True,False,True
3,True,False,False,True,False,False,False,True,False,False,True,False,True
0,False,False,True,False,False,True,False,True,False,False,True,False,True
5,False,True,False,False,False,True,True,True,False,False,True,False,True
3,False,True,False,False,True,False,True,True,False,False,True,False,True
3,True,False,False,False,True,False,True,True,False,False,True,False,True
0,False,True,False,False,False,True,True,True,False,False,True,False,True
6,False,True,False,True,False,False,True,True,False,False,True,False,True
3,False,False,True,False,True,False,True,True,False,False,True,False,True
3,False,True,False,False,True,False,False,True,False,False,True,False,True
1,True,False,False,False,False,True,True,True,False,False,True,False,True
3,True,False,False,True,False,False,False,True,False,False,True,False,True
3,True,False,False,False,True,False,True,True,False,False,True,False,True
0,False,True,False,False,False,True,True,True,False,False,True,False,True
4,False,True,False,False,True,False,False,True,False,False,True,False,True
0,False,False,True,False,False,True,True,True,False,False,True,False,True
3,False,False,True,False,True,False,True,True,False,False,True,False,True
1,True,False,False,False,False,True,False,True,False,False,True,False,True
0,True,False,False,False,False,True,True,True,False,False,True,False,True
3,False,True,False,False,True,False,True,True,False,False,True,False,True
2,False,True,False,False,False,True,True,True,False,False,True,False,True
1,False,False,True,False,False,False,False,True,False,False,True,False,False
1,True,False,False,False,False,True,True,True,False,False,True,False,True
6,False,True,False,False,False,True,True,True,False,True,False,False,True
3,False,True,False,False,True,False,True,True,False,False,True,False,True
2,False,True,False,False,False,True,True,True,False,False,True,False,True
3,False,True,False,False,True,False,True,True,False,False,True,False,True
3,True,False,False,True,False,False,True,True,False,False,True,False,True
3,False,True,False,False,True,False,True,True,False,True,False,False,True
3,False,True,False,False,True,False,True,True,False,False,True,False,True
2,False,False,True,False,True,False,True,True,False,False,True,False,True
2,False,True,False,False,False,True,True,True,False,False,True,False,True
2,True,False,False,False,False,True,True,True,False,True,False,False,True
0,False,False,True,False,False,True,True,True,False,False,True,False,True
3,True,False,False,False,True,False,True,True,False,False,True,False,True
3,False,False,True,False,True,False,True,True,False,False,True,False,True
3,False,True,False,True,False,False,False,True,False,False,True,False,True
6,True,False,False,False,True,False,True,True,False,False,True,False,True
3,True,False,False,True,False,False,True,True,False,False,True,False,True
3,False,True,False,True,False,False,True,True,False,False,True,False,True
3,False,True,False,False,True,False,True,True,False,True,False,False,True
3,False,True,False,False,True,False,True,True,False,False,True,False,True
6,False,False,True,False,True,False,True,True,False,True,False,False,True
3,False,True,False,False,True,False,False,True,False,False,False,False,True
0,False,True,False,False,True,False,True,True,False,False,True,False,True
0,False,False,True,False,False,True,True,True,False,False,True,False,True
3,True,False,False,True,False,False,True,True,False,False,True,False,True
6,False,True,False,False,False,True,True,True,False,False,True,False,True
3,False,True,False,True,False,False,True,True,False,False,True,False,True
6,False,True,False,False,False,True,True,True,False,False,True,False,True
6,False,False,True,False,True,False,True,True,False,False,True,False,True
3,False,True,False,True,False,False,True,True,False,False,True,False,True
6,False,True,False,False,True,False,False,True,False,False,True,False,True
4,False,True,False,False,False,True,True,True,False,False,True,False,True
3,False,True,False,True,False,False,True,True,False,False,True,False,True
3,True,False,False,True,False,False,True,True,False,False,True,False,True
5,False,True,False,False,False,True,True,True,False,False,True,False,True
3,True,False,False,False,True,False,True,True,False,False,True,False,True
6,True,False,False,False,False,True,True,True,False,False,True,False,True
1,True,False,False,False,False,True,True,True,False,False,True,False,True
0,False,False,True,False,False,True,True,True,False,False,True,False,True
0,False,False,True,False,False,True,True,True,False,False,True,False,True
3,True,False,False,True,False,False,True,True,False,False,True,False,True
3,False,True,False,False,True,False,True,False,False,False,False,False,True
3,False,False,True,False,True,False,True,True,False,False,True,False,True
1,False,True,False,False,False,True,True,True,False,False,True,False,True
4,True,False,False,False,True,False,True,True,False,True,False,False,True
3,False,True,False,True,False,False,True,True,False,False,True,False,True
5,True,False,False,False,False,True,True,True,False,False,True,False,True
1,False,True,False,False,False,True,True,True,False,False,True,False,True
5,True,False,False,False,False,True,True,True,False,False,True,False,True
3,False,True,False,True,False,False,True,True,False,True,False,False,True
1,False,True,False,False,False,True,True,True,False,False,True,False,True
3,False,True,False,True,False,False,True,True,False,True,False,False,True
3,False,False,True,False,True,False,True,True,False,False,True,False,True
3,True,False,False,True,False,False,True,True,False,False,True,False,True
3,False,True,False,False,True,False,True,True,False,True,False,False,True
5,False,False,True,False,True,False,True,True,False,False,True,False,True
2,False,False,True,False,False,True,True,True,False,False,True,False,True
2,False,False,True,False,False,True,False,True,False,False,True,False,True
6,True,False,False,False,False,True,True,True,False,False,True,False,True
0,False,True,False,False,False,True,True,True,False,False,True,False,True
0,False,True,False,False,False,True,True,True,False,False,True,False,True
0,False,True,False,False,False,True,True,True,False,False,True,False,True
2,False,False,True,False,False,True,True,True,False,False,True,False,True
3,False,True,False,True,False,False,True,True,False,False,True,False,True
1,True,False,False,False,False,True,True,True,False,False,True,False,True
6,False,True,False,False,True,False,True,True,False,False,True,False,True
3,False,False,True,False,True,False,True,True,False,False,True,False,True
2,False,True,False,False,False,True,True,True,False,False,True,False,True
3,False,True,False,True,False,False,True,True,False,True,False,False,True
6,True,False,False,False,False,True,True,True,False,True,False,False,True
1,True,False,False,False,False,True,False,True,False,False,True,False,True
2,False,False,True,False,False,True,True,True,False,False,True,False,True
0,False,False,True,False,False,True,True,True,False,False,True,False,True
1,False,True,False,False,False,True,True,True,False,False,True,False,True
2,False,True,False,False,False,True,True,True,False,False,True,False,True
3,False,True,False,False,True,False,True,True,False,False,True,False,True
0,False,False,True,False,False,True,True,True,False,False,True,False,True
6,False,True,False,False,True,False,True,True,False,False,True,False,True
0,False,True,False,False,True,False,True,True,False,False,True,False,True
6,True,False,False,False,True,False,True,True,False,False,True,False,True
6,False,False,True,False,True,False,True,True,False,False,True,False,True
1,False,True,False,False,False,True,True,True,False,False,True,False,True
0,False,True,False,False,False,True,True,True,False,False,True,False,True
0,False,True,False,False,False,True,True,True,False,False,True,False,True
3,False,True,False,True,False,False,True,True,False,False,True,False,True
1,False,True,False,False,False,True,True,True,False,False,True,False,True
5,False,True,False,False,False,True,True,True,False,False,True,False,True
6,False,True,False,False,True,False,True,True,False,False,True,False,True
0,False,True,False,False,False,True,True,True,False,False,True,False,True
5,False,True,False,False,False,True,False,True,False,False,True,False,True
3,False,True,False,True,False,False,True,True,False,True,False,False,True
6,True,False,False,False,False,True,True,True,False,True,False,False,True
1,False,True,False,False,False,True,True,True,False,False,True,False,True
5,False,True,False,False,False,True,True,True,False,False,True,False,True
2,False,True,False,False,False,True,True,True,False,False,True,False,True
6,False,False,True,False,True,False,True,True,False,False,True,False,True
3,True,False,False,False,True,False,True,True,False,False,True,False,True
3,True,False,False,True,False,False,True,True,False,False,True,False,True
3,True,False,False,True,False,False,True,True,False,False,True,False,True
1,True,False,False,False,False,True,True,True,False,False,True,False,True
3,True,False,False,True,False,False,True,True,False,False,True,False,True
2,False,True,False,False,False,True,False,True,False,False,True,False,True
0,False,False,True,False,False,True,False,True,False,True,False,False,True
5,False,True,False,False,False,True,True,True,False,False,True,False,True
0,False,False,True,False,False,True,True,True,False,False,True,False,True
6,False,True,False,False,True,False,False,True,False,False,True,False,True
3,False,True,False,False,True,False,True,True,False,True,False,False,True
2,False,True,False,False,False,True,True,True,False,True,False,False,True
5,True,False,False,False,False,True,True,True,False,False,True,False,True
4,False,True,False,False,True,False,True,True,False,False,True,False,True
4,True,False,False,False,True,False,True,True,False,False,True,False,True
2,True,False,False,False,True,False,True,True,False,False,True,False,True
4,True,False,False,False,True,False,True,True,False,False,True,False,True
1,False,False,True,False,False,True,True,True,False,False,True,False,True
6,False,False,True,False,True,False,True,True,False,False,True,False,True
3,True,False,False,False,True,False,True,True,False,False,True,False,True
4,True,False,False,False,True,False,True,True,False,False,True,False,True
3,True,False,False,False,True,False,True,True,False,False,True,False,True
2,False,True,False,False,False,True,True,True,False,False,True,False,True
1,True,False,False,False,False,True,True,True,False,False,True,False,True
3,False,True,False,True,False,False,True,True,False,False,True,False,True
1,False,True,False,False,False,True,True,True,False,False,True,False,True
1,False,True,False,False,False,True,True,True,False,False,True,False,True
2,False,False,True,False,False,True,True,True,False,False,True,False,True
3,False,True,False,True,False,False,True,True,False,False,True,False,True
2,True,False,False,False,False,True,True,True,False,False,True,False,True
3,False,False,True,True,False,False,True,True,False,True,False,False,True
6,True,False,False,False,False,True,True,True,False,False,True,False,True
5,True,False,False,False,False,True,True,True,False,False,True,False,True
2,False,True,False,False,False,True,True,True,False,False,True,False,True
0,False,True,False,False,False,True,True,True,False,False,True,False,True
3,True,False,False,False,True,False,True,True,False,True,False,False,True
6,True,False,False,False,False,True,True,True,False,False,True,False,True
6,False,True,False,True,False,False,True,True,False,True,False,False,True
2,False,True,False,False,False,True,True,True,False,False,True,False,True
2,False,True,False,False,True,False,True,True,False,False,True,False,True
3,False,False,True,False,True,False,True,True,False,False,True,False,True
3,False,True,False,True,False,False,True,True,False,False,True,False,True
6,True,False,False,False,True,False,True,True,False,False,True,False,True
2,False,False,True,False,False,True,True,True,False,False,True,False,True
6,True,False,False,False,True,False,True,True,False,False,True,False,True
2,False,True,False,False,False,True,True,True,False,False,True,False,True
2,False,True,False,False,False,True,True,True,False,False,True,False,True
4,False,True,False,False,False,True,True,True,False,False,True,False,True
6,False,True,False,False,False,True,True,True,False,False,True,False,True
3,True,False,False,False,True,False,True,True,False,False,True,False,True
5,False,False,True,False,True,False,True,True,False,True,False,False,True
4,False,True,False,False,True,False,True,True,False,True,False,False,True
4,True,False,False,False,True,False,True,True,False,False,True,False,True
6,True,False,False,False,False,True,True,True,False,False,True,False,True
3,False,True,False,True,False,False,True,True,False,True,False,False,True
5,False,False,True,False,False,True,True,True,False,False,True,False,True
0,True,False,False,False,False,True,True,True,False,False,True,False,True
6,False,False,True,False,True,False,True,True,False,False,True,False,True
1,False,False,True,False,False,True,True,True,False,False,True,False,True
1,False,False,True,False,True,False,True,True,False,False,True,False,True
3,False,True,False,False,True,False,True,True,False,False,True,False,True
6,True,False,False,False,False,True,True,True,False,True,False,False,True
2,True,False,False,False,False,True,True,True,False,False,True,False,True
6,True,False,False,False,True,False,True,True,False,True,False,False,True
0,False,False,True,False,False,True,True,True,False,False,True,False,True
5,True,False,False,False,False,True,True,True,False,False,True,False,True
0,False,False,True,False,False,True,True,True,False,True,False,False,True
5,False,True,False,False,False,True,True,True,False,False,True,False,True
5,False,True,False,False,False,True,True,True,False,True,False,False,True
2,False,False,True,False,False,True,True,True,False,False,True,False,True
3,False,True,False,False,True,False,True,True,False,False,True,False,True
3,False,True,False,True,False,False,True,True,False,False,True,False,True
5,True,False,False,False,False,True,True,True,False,False,True,False,True
4,False,True,False,False,True,False,True,True,False,True,False,False,True
1,False,False,True,False,False,True,True,True,False,False,True,False,True
3,False,True,False,True,False,False,True,True,False,False,True,False,True
3,True,False,False,False,True,False,True,True,False,False,True,False,True
3,False,True,False,False,True,False,True,True,False,False,True,False,True
2,False,False,True,False,False,True,True,True,False,False,True,False,True
0,False,True,False,False,False,True,True,True,False,False,True,False,True
5,True,False,False,False,True,False,True,True,False,False,True,False,True
3,True,False,False,True,False,False,True,True,False,True,False,False,True
4,False,True,False,False,True,False,True,True,False,False,True,False,True
5,False,False,True,False,False,True,True,True,False,True,False,False,True
1,True,False,False,False,False,True,True,True,False,False,True,False,True
3,False,True,False,False,True,False,False,True,False,False,True,False,True
0,False,True,False,False,False,True,True,True,False,False,True,False,True
6,True,False,False,False,True,False,True,True,False,False,True,False,True
1,True,False,False,False,False,True,True,True,False,True,False,False,True
0,False,True,False,False,False,True,True,True,False,False,True,False,True
6,True,False,False,False,True,False,True,True,False,False,True,False,True
6,True,False,False,False,True,False,True,True,False,True,False,False,True
0,False,False,True,False,False,True,True,True,False,False,True,False,True
6,False,False,True,False,True,False,True,True,False,False,True,False,True
0,False,True,False,False,False,True,True,True,False,False,True,False,True
5,False,True,False,False,True,False,True,True,False,False,True,False,True
4,True,False,False,False,True,False,True,True,False,False,True,False,True
0,False,True,False,False,False,True,True,True,False,False,True,False,True
1,True,False,False,False,False,True,False,True,False,False,True,False,True
2,False,False,True,False,False,True,True,True,False,True,False,False,True
5,False,True,False,False,False,True,True,True,False,False,True,False,True
3,False,True,False,False,True,False,True,True,False,True,False,False,True
3,True,False,False,False,True,False,True,True,False,False,True,False,True
0,False,True,False,False,False,True,True,True,False,False,True,False,True
2,False,True,False,False,False,True,True,True,False,False,True,False,True
1,False,True,False,False,False,True,True,True,False,False,True,False,True
3,True,False,False,False,True,False,True,True,False,False,True,False,True
6,True,False,False,False,True,False,True,True,False,False,True,False,True
2,True,False,False,False,False,True,True,True,False,False,True,False,True
1,False,True,False,False,False,True,True,True,False,False,True,False,True
0,True,False,False,False,False,True,True,True,False,True,False,False,True
4,True,False,False,False,True,False,True,True,False,False,True,False,True
6,True,False,False,True,False,False,True,True,False,False,True,False,True
2,False,False,True,False,False,True,True,False,False,False,False,False,True
5,False,True,False,False,False,True,False,True,False,False,True,False,True
2,False,True,False,False,False,True,True,True,False,False,True,False,True
0,False,True,False,False,False,True,True,True,False,False,True,False,True
3,False,False,True,False,True,False,True,True,False,False,True,False,True
6,False,False,True,False,False,True,True,True,False,False,True,False,True
5,False,True,False,False,False,True,True,True,False,False,True,False,True
3,True,False,False,False,True,False,False,True,False,True,False,False,True
3,False,True,False,True,False,False,True,True,False,False,False,False,True
3,True,False,False,False,False,True,True,True,False,False,True,False,True
3,False,False,True,False,True,False,True,True,False,False,True,False,True
3,False,True,False,True,False,False,False,True,False,False,True,False,True
5,False,True,False,False,False,True,True,True,False,False,True,False,True
2,False,True,False,False,False,True,True,True,False,False,True,False,True
6,True,False,False,True,False,False,True,True,False,False,True,False,True
6,False,True,False,False,True,False,True,True,False,False,True,False,True
1,False,True,False,False,True,False,True,True,False,False,True,False,True
3,True,False,False,False,True,False,True,True,False,False,True,False,True
0,False,False,True,False,False,True,True,True,False,False,True,False,True
3,False,True,False,True,False,False,True,True,False,False,True,False,True
6,False,True,False,False,True,False,True,True,False,False,True,False,True
0,True,False,False,False,False,True,True,True,False,False,True,False,True
3,False,True,False,True,False,False,True,True,False,False,True,False,True
3,False,False,True,True,False,False,True,True,False,False,True,False,True
0,True,False,False,False,False,True,True,True,False,False,True,False,True
1,False,True,False,False,False,True,True,True,False,False,True,False,True
6,True,False,False,False,True,False,True,True,False,False,True,False,True
2,False,False,True,False,False,True,True,True,False,False,True,False,True
2,True,False,False,False,False,True,True,True,False,False,False,False,True
4,True,False,False,False,True,False,True,True,False,False,True,False,True
1,False,True,False,False,False,True,True,True,False,False,True,False,True
2,False,False,True,False,False,True,True,True,False,False,True,False,True
6,False,True,False,False,True,False,True,True,False,False,True,False,True
5,True,False,False,False,False,True,True,True,False,False,True,False,True
3,False,True,False,False,True,False,True,True,False,False,True,False,True
0,True,False,False,False,False,True,True,True,False,True,False,False,True
6,False,True,False,False,True,False,True,True,False,False,False,False,True
2,False,True,False,False,False,True,True,True,False,False,True,False,True
0,False,True,False,False,False,True,True,True,False,False,True,False,True
3,True,False,False,False,True,False,True,True,False,False,True,False,True
3,True,False,False,True,False,False,True,True,False,False,True,False,True
6,False,True,False,False,True,False,True,True,False,False,True,False,True
3,True,False,False,False,True,False,True,True,False,False,True,False,True
6,False,False,True,False,True,False,True,True,False,False,True,False,True
3,True,False,False,False,True,False,False,True,False,False,True,False,True
6,True,False,False,False,True,False,True,True,False,False,True,False,True
0,False,True,False,False,False,True,True,True,False,False,True,False,True
0,True,False,False,False,False,True,False,True,False,False,True,False,True
3,False,True,False,False,True,False,True,True,False,False,True,False,True
0,True,False,False,False,False,True,True,True,False,False,True,False,True
3,False,False,True,True,False,False,True,True,False,False,True,False,True
2,False,True,False,False,True,False,True,True,False,False,True,False,True
3,False,False,True,False,True,False,True,True,False,False,False,True,False
0,False,True,False,False,False,True,True,True,False,False,True,False,True
5,True,False,False,False,False,True,True,True,False,False,True,False,True
6,False,True,False,False,True,False,True,True,False,False,True,False,True
2,True,False,False,False,False,True,True,True,False,False,True,False,True
0,True,False,False,False,False,True,True,True,False,False,True,False,True
5,False,False,True,False,True,False,True,True,False,False,False,False,True
5,False,True,False,False,False,True,True,True,False,False,False,False,True
6,True,False,False,False,True,False,True,True,False,True,False,False,True
0,False,False,True,False,False,True,True,True,False,False,True,False,True
5,False,True,False,False,False,True,True,True,False,False,True,False,True
3,False,True,False,False,True,False,True,True,False,False,True,False,True
1,False,True,False,False,False,True,True,True,False,False,True,False,True
6,True,False,False,False,True,False,True,True,False,False,True,False,True
5,True,False,False,False,False,True,True,True,False,False,True,False,True
2,True,False,False,False,False,True,True,True,False,True,False,False,True
2,False,False,True,False,False,True,True,True,False,False,True,False,True
3,False,True,False,True,False,False,True,True,False,False,True,False,True
3,True,False,False,True,False,False,True,True,False,False,True,False,True
3,True,False,False,False,True,False,True,True,False,False,True,False,True
3,False,False,True,False,True,False,True,True,False,True,False,False,True
3,True,False,False,False,True,False,True,True,False,False,True,False,True
2,False,True,False,False,False,True,True,True,False,False,True,False,True
4,False,True,False,False,True,False,True,True,False,False,False,False,True
1,True,False,False,False,False,True,True,True,False,False,True,False,True
6,True,False,False,False,True,False,True,True,False,False,True,False,True
3,True,False,False,False,True,False,True,True,False,False,True,False,True
6,False,True,False,False,True,False,True,True,False,True,False,False,True
0,False,True,False,False,False,True,True,True,False,False,True,False,True
6,True,False,False,False,False,True,True,True,False,False,True,False,True
1,True,False,False,False,False,True,True,True,False,False,True,False,True
1,False,True,False,False,False,True,True,True,False,False,True,False,True
3,True,False,False,False,True,False,True,True,False,False,True,False,True
2,False,True,False,False,False,True,True,True,False,True,False,False,True
0,False,False,True,False,False,True,False,True,False,False,True,False,True
4,True,False,False,False,True,False,True,True,False,False,True,False,True
3,False,False,True,False,True,False,True,True,False,False,True,False,True
6,True,False,False,False,False,True,True,True,False,False,True,False,True
3,False,True,False,False,True,False,True,True,False,False,True,False,True
1,False,False,True,False,False,True,True,True,False,False,True,False,True
6,True,False,False,False,False,True,True,True,False,False,True,False,True
4,True,False,False,False,False,True,True,True,False,False,True,False,True
1,False,True,False,False,False,True,True,True,False,False,True,False,True
5,False,False,True,False,False,True,True,True,False,False,True,False,True
4,False,True,False,False,True,False,True,True,False,False,True,False,True
0,False,True,False,False,False,True,True,True,False,True,False,False,True
5,True,False,False,False,False,True,False,True,False,False,True,False,True
2,False,True,False,False,False,True,True,True,False,False,True,False,True
6,True,False,False,False,True,False,True,True,False,False,True,False,True
4,False,True,False,False,True,False,False,True,False,True,False,False,True
3,True,False,False,False,True,False,True,True,False,False,False,False,True
2,False,True,False,False,False,True,True,True,False,False,True,False,True
3,False,True,False,True,False,False,True,True,False,True,False,False,True
2,True,False,False,False,False,True,True,True,False,False,True,False,True
4,False,False,True,False,True,False,True,True,False,False,True,False,True
3,False,True,False,True,False,False,True,True,False,False,True,False,True
2,True,False,False,False,False,True,True,True,False,False,True,False,True
3,False,True,False,True,False,False,True,True,False,False,True,False,True
3,True,False,False,False,True,False,True,True,False,False,True,False,True
2,False,False,True,False,False,True,True,True,False,False,True,False,True
3,True,False,False,True,False,False,True,True,False,False,True,False,True
5,True,False,False,False,False,True,True,True,False,False,True,False,True
3,False,False,True,False,True,False,True,True,False,False,True,False,True
0,True,False,False,False,False,True,True,True,False,False,True,False,True
3,False,True,False,False,True,False,True,True,False,False,True,False,True
2,False,True,False,False,False,True,True,True,False,False,True,False,True
0,False,True,False,False,False,True,True,True,False,True,False,False,True
3,False,True,False,True,False,False,True,True,False,False,True,False,True
0,False,True,False,False,False,True,True,True,False,False,True,False,True
3,False,True,False,True,False,False,True,True,False,True,False,False,True
3,False,True,False,False,True,False,True,True,False,True,False,False,True
3,True,False,False,False,True,False,True,True,False,False,True,False,True
3,False,True,False,True,False,False,True,True,False,False,True,False,True
0,False,False,True,False,False,True,True,True,False,False,True,False,True
0,False,False,True,False,False,True,True,True,False,False,True,False,True
3,False,True,False,True,False,False,True,True,False,False,True,False,True
4,False,True,False,False,True,False,True,True,False,False,True,False,True
3,True,False,False,False,True,False,True,True,False,False,True,False,True
3,False,False,True,True,False,False,True,True,False,False,True,False,True
2,False,False,True,False,False,True,True,True,False,False,True,False,True
2,False,True,False,False,False,True,True,True,False,False,True,False,True
5,False,False,True,False,False,True,True,True,False,False,True,False,True
0,False,False,True,False,False,True,True,True,False,False,True,False,True
2,True,False,False,False,False,True,True,True,False,False,True,False,True
3,True,False,False,False,True,False,True,True,True,False,False,False,True
6,False,True,False,False,True,False,True,True,False,False,True,False,True
3,False,True,False,False,True,False,True,True,False,False,True,False,True
4,False,True,False,False,True,False,True,True,False,False,True,False,True
0,False,True,False,False,False,True,True,True,False,False,True,False,True
1,False,True,False,False,False,True,True,True,False,False,True,False,True
1,False,True,False,False,False,True,True,True,False,False,True,False,True
4,True,False,False,False,True,False,True,True,False,False,True,False,True
0,True,False,False,False,False,True,True,True,False,False,True,False,True
3,False,True,False,False,True,False,True,True,False,True,False,False,True
1,False,False,True,False,True,False,True,True,False,False,True,False,True
6,False,False,True,False,True,False,True,True,False,False,True,False,True
6,False,False,True,False,True,False,True,True,False,False,True,False,True
3,False,True,False,True,False,False,True,True,False,True,False,False,True
2,False,False,True,False,False,True,True,True,False,False,True,False,True
2,False,False,True,False,False,True,True,True,False,False,True,False,True
3,True,False,False,False,True,False,True,True,False,False,True,False,True
5,True,False,False,False,False,True,True,True,False,False,True,False,True
6,True,False,False,False,True,False,True,True,False,False,True,False,True
3,True,False,False,False,True,False,True,True,False,False,False,False,True
2,False,True,False,False,False,True,True,True,False,False,True,False,True
3,True,False,False,False,True,False,True,True,False,False,True,False,True
2,False,False,True,False,False,True,True,True,False,False,True,False,True
2,True,False,False,False,False,True,True,True,False,True,False,False,True
3,True,False,False,True,False,False,True,True,False,False,True,False,True
3,False,True,False,True,False,False,True,True,False,True,False,False,True
4,False,True,False,False,True,False,True,True,False,False,True,False,True
6,False,True,False,False,True,False,True,True,False,False,False,False,True
3,False,False,True,False,True,False,True,True,False,False,True,False,True
3,False,True,False,True,False,False,True,True,False,False,True,False,True
4,False,True,False,False,False,True,True,True,False,False,True,False,True
3,False,True,False,False,True,False,True,True,False,False,True,False,True
5,False,True,False,False,False,True,True,True,False,False,True,False,True
2,False,True,False,False,False,True,True,True,False,False,True,False,True
3,True,False,False,True,False,False,True,True,False,False,True,False,True
6,False,True,False,False,True,False,True,True,False,False,True,False,True
2,False,False,True,False,False,True,False,True,False,False,True,False,True
5,False,True,False,False,True,False,True,True,False,False,True,False,True
4,False,False,True,False,True,False,True,True,False,False,True,False,True
0,False,True,False,False,False,True,True,True,False,False,True,False,True
2,False,True,False,False,False,True,True,True,False,False,True,False,True
6,False,False,True,False,True,False,True,True,False,False,True,False,True
4,False,True,False,False,True,False,True,True,False,False,True,False,True
0,False,False,True,False,False,True,True,True,False,False,True,False,True
1,True,False,False,False,False,True,True,True,False,False,False,False,True
1,True,False,False,False,False,True,True,True,False,True,False,False,True
1,False,True,False,False,False,True,True,True,False,False,True,False,True
3,False,False,True,False,True,False,True,True,False,False,True,False,True
2,True,False,False,False,False,True,True,True,False,False,True,False,True
2,False,True,False,False,False,True,True,True,False,True,False,False,True
1,True,False,False,False,False,True,False,True,False,True,False,False,True
3,False,True,False,False,True,False,True,True,False,False,True,False,True
1,False,True,False,False,False,True,True,True,False,False,True,False,True
3,False,True,False,False,True,False,True,True,False,False,True,False,True
3,False,True,False,True,False,False,True,True,False,False,True,False,True
2,False,True,False,False,False,True,True,True,False,False,True,False,True
6,False,True,False,False,False,True,True,True,False,True,False,False,True
6,False,True,False,False,True,False,True,True,False,False,True,False,True
0,False,False,True,False,False,True,True,True,False,False,True,False,True
3,False,True,False,True,False,False,True,True,True,False,False,False,True
4,False,True,False,False,False,True,True,True,False,False,True,False,True
3,True,False,False,True,False,False,True,True,False,True,False,False,True
2,False,True,False,False,True,False,True,True,False,False,True,False,True
2,False,True,False,False,False,True,True,True,False,False,True,False,True
3,True,False,False,False,True,False,True,True,False,False,True,False,True
3,False,True,False,False,True,False,True,False,False,False,False,False,True
3,True,False,False,True,False,False,True,True,False,True,False,False,True
0,False,True,False,False,False,True,True,True,False,False,True,False,True
0,False,True,False,False,False,True,True,True,False,False,True,False,True
1,False,False,True,False,False,True,True,True,False,False,True,False,True
3,True,False,False,True,False,False,True,True,False,False,True,False,True
3,False,True,False,False,True,False,False,True,False,False,True,False,True
3,True,False,False,False,True,False,True,True,False,False,True,False,True
6,True,False,False,False,True,False,True,True,False,False,True,False,True
3,False,True,False,False,True,False,True,True,False,False,True,False,True
4,False,True,False,False,True,False,True,True,False,False,True,False,True
3,True,False,False,True,False,False,True,True,False,False,True,False,True
6,True,False,False,False,True,False,True,True,False,False,True,False,True
2,False,True,False,False,False,True,True,True,False,False,True,False,True
6,True,False,False,False,True,False,True,True,False,False,True,False,True
6,False,False,True,False,True,False,True,True,False,False,True,False,True
3,False,True,False,True,False,False,True,True,False,False,True,False,True
6,False,True,False,False,True,False,True,True,False,False,True,False,True
3,True,False,False,False,True,False,True,True,False,False,True,False,True
3,False,True,False,False,True,False,False,True,False,False,True,False,True
0,False,False,True,False,False,True,True,True,False,False,True,False,True
5,False,False,True,False,False,True,True,True,False,False,True,False,True
1,False,True,False,False,False,True,True,True,False,False,True,False,True
1,False,True,False,False,False,True,True,True,False,False,True,False,True
2,True,False,False,False,False,True,True,True,False,True,False,False,True
5,False,True,False,False,False,True,True,True,False,False,True,False,True
3,False,True,False,False,True,False,True,True,False,False,True,False,True
3,False,True,False,False,True,False,True,True,False,False,True,False,True
2,False,True,False,False,False,True,True,True,False,False,True,False,True
3,True,False,False,False,True,False,True,True,False,False,True,False,True
4,True,False,False,False,False,True,True,True,False,False,True,False,True
6,True,False,False,False,False,True,True,True,False,False,True,False,True
0,True,False,False,False,False,True,True,True,False,False,True,False,True
4,False,False,True,False,True,False,True,True,False,False,True,False,True
2,True,False,False,False,False,True,True,True,False,False,True,False,True
0,True,False,False,False,False,True,True,True,False,False,True,False,True
0,False,True,False,False,False,True,True,True,False,False,True,False,True
2,False,True,False,False,False,True,True,True,False,False,True,False,True
6,False,False,False,False,False,True,False,False,False,False,False,False,False
6,False,False,False,False,True,False,False,True,False,False,True,False,False
0,False,False,False,False,False,True,False,True,False,False,False,False,True
0,False,False,False,False,False,True,False,True,False,False,False,False,True
3,False,False,False,True,False,False,False,True,False,False,False,False,True
6,False,False,False,False,True,False,False,True,False,False,False,False,True
3,False,False,False,True,False,False,False,True,False,False,False,False,True
3,False,False,False,False,True,False,False,True,False,False,False,False,True
6,False,False,False,False,True,False,False,True,False,False,False,False,True
5,False,False,False,False,False,True,False,True,False,False,False,False,True
2,False,False,False,False,False,True,False,True,False,False,False,False,True
6,False,False,False,False,True,False,False,True,False,False,False,False,True
0,False,False,False,False,False,True,False,True,False,False,False,False,True
2,False,False,False,False,False,True,False,True,False,False,False,False,True
3,False,False,False,False,True,False,False,True,False,False,False,False,True
2,False,False,False,False,False,True,False,True,False,False,False,False,True
1,False,False,False,False,False,True,False,True,False,False,False,False,True
0,False,False,False,False,False,True,False,True,False,False,False,False,True
6,False,False,False,False,False,True,False,True,False,False,False,False,True
0,False,False,False,False,False,True,False,True,False,False,False,False,True
0,False,False,False,False,False,True,False,True,False,False,False,False,True
1,False,False,False,False,False,True,False,True,False,False,False,False,True
1,False,False,False,False,True,False,False,True,False,False,False,False,True
6,False,False,False,False,True,False,False,True,False,False,False,False,True
3,False,False,False,False,True,False,False,True,False,False,False,False,True
4,False,False,False,False,True,False,False,True,False,False,False,False,True
3,False,False,False,False,True,False,False,True,False,False,False,False,True
6,False,False,False,False,True,False,False,True,False,False,False,False,True
1,False,False,False,False,False,True,False,True,False,False,False,False,True
1,False,False,False,False,False,True,False,True,False,False,False,False,True
6,False,False,False,False,True,False,False,True,False,False,False,False,True
5,False,False,False,False,False,True,False,True,False,False,False,False,True
3,False,False,False,False,True,False,False,True,False,False,False,False,True
6,False,False,False,False,True,False,False,True,False,False,False,False,True
5,False,False,False,False,True,False,False,True,False,False,False,False,True
1,False,False,False,False,False,True,False,True,False,False,False,False,True
3,False,False,False,False,True,False,False,True,False,False,False,False,True
3,False,False,False,False,True,False,False,True,False,False,False,False,True
6,False,False,False,True,False,False,False,True,False,False,False,False,True
2,False,False,False,False,False,True,False,True,False,False,False,False,True
3,False,False,False,False,True,False,False,True,False,False,False,False,True
3,False,False,False,True,False,False,False,True,False,False,False,False,True
3,False,False,False,False,True,False,False,True,False,False,False,False,True
5,False,False,False,False,True,False,False,True,False,False,False,False,True
3,False,False,False,True,False,False,False,True,False,False,False,False,True
0,False,False,False,False,False,True,False,True,False,False,False,False,True
3,False,False,False,False,True,False,False,True,False,False,False,False,True
2,False,False,False,False,False,True,False,True,False,False,False,False,True
3,False,False,False,False,True,False,False,True,False,False,False,False,True
2,False,False,False,False,False,True,False,True,False,False,False,False,True
3,False,False,False,False,True,False,False,True,False,False,False,False,True
0,False,False,False,False,False,True,False,True,False,False,False,False,True
0,False,False,False,False,False,True,False,True,False,False,False,False,True
2,False,False,False,False,False,True,False,True,False,False,False,False,True
3,False,False,False,False,True,False,False,True,False,False,False,False,True
3,False,False,False,False,True,False,False,True,False,False,False,False,True
6,False,False,False,False,True,False,False,True,False,False,False,False,True
2,False,False,False,False,False,True,False,True,False,False,False,False,True
6,False,False,False,False,True,False,False,True,False,False,False,False,True
4,False,False,False,False,True,False,False,True,False,False,False,False,True
4,False,False,False,False,True,False,False,True,False,False,False,False,True
1,False,False,False,False,False,True,False,True,False,False,False,False,True
3,False,False,False,False,True,False,False,True,False,False,False,False,True
1,False,False,False,False,False,True,False,True,False,False,False,False,True
2,False,False,False,False,False,True,False,True,False,False,False,False,True
3,False,False,False,True,False,False,False,True,False,False,False,False,True
3,False,False,False,False,True,False,False,True,False,False,False,False,True
3,False,False,False,True,False,False,False,True,False,False,False,False,True
2,False,False,False,False,False,True,False,True,False,False,False,False,True
6,False,False,False,False,True,False,False,True,False,False,False,False,True
2,False,False,False,False,False,True,False,True,False,False,False,False,True
1,False,False,False,False,True,False,False,True,False,False,False,False,True
6,False,False,False,False,False,True,False,True,False,False,False,False,True
4,False,False,False,False,True,False,False,True,False,False,False,False,True
3,False,False,False,False,True,False,False,True,False,False,False,False,True
2,False,False,False,False,False,True,False,True,False,False,False,False,True
1,False,False,False,False,False,True,False,True,False,False,False,False,True
2,False,False,False,False,False,True,False,True,False,False,False,False,True
6,False,False,False,False,True,False,False,True,False,False,False,False,True
0,False,False,False,False,False,True,False,True,False,False,False,False,True
6,False,False,False,False,True,False,False,True,False,False,False,False,True
2,False,False,False,False,False,True,False,True,False,False,False,False,True
6,False,False,False,False,True,False,False,True,False,False,False,False,True
3,False,False,False,False,True,False,False,True,False,False,False,False,True
3,False,False,False,False,True,False,False,True,False,False,False,False,True
0,False,False,False,False,False,True,False,True,False,False,False,False,True
6,False,False,False,False,True,False,False,True,False,False,False,False,True
2,False,False,False,False,False,True,False,True,False,False,False,False,True
3,False,False,False,False,True,False,False,True,False,False,False,False,True
2,False,False,False,False,False,False,True,False,False,False,True,False,True
3,False,False,False,False,False,False,True,False,False,False,True,False,True
4,False,False,False,False,False,False,True,False,False,False,False,False,True
6,False,False,False,False,False,False,True,False,False,False,False,False,False
1,False,False,False,False,False,False,True,False,False,False,False,False,False
3,False,False,False,False,False,False,False,True,False,False,True,False,False
2,False,False,False,False,False,False,False,True,False,False,True,False,False
3,False,False,False,False,False,False,False,True,False,True,False,False,False
2,False,False,False,False,False,False,False,True,False,False,True,False,False
3,False,False,False,False,False,False,False,True,False,False,True,False,False
3,False,False,False,False,False,False,False,True,False,False,True,False,False
6,False,False,False,False,False,False,False,True,False,False,True,False,False
5,False,False,False,False,False,False,False,True,False,False,True,False,False
3,False,False,False,False,False,False,False,True,False,False,True,False,False
3,False,False,False,False,False,False,False,True,False,False,True,False,False
0,False,False,False,False,False,False,False,True,False,False,True,False,False
4,False,False,False,False,False,False,False,True,False,False,True,False,False
2,False,False,False,False,False,False,False,True,False,False,True,False,False
6,False,False,False,False,False,False,False,True,False,False,True,False,False
4,False,False,False,False,False,False,False,True,False,False,True,False,False
3,False,False,False,False,False,False,False,True,True,False,False,False,False
6,False,False,False,False,False,False,False,True,False,False,True,False,False
3,False,False,False,False,False,False,False,True,False,False,True,False,False
6,False,False,False,False,False,False,False,True,False,False,True,False,False
2,False,False,False,False,False,False,False,True,False,True,False,False,False
3,False,False,False,False,False,False,False,True,False,False,True,False,False
5,False,False,False,False,False,False,False,True,False,False,True,False,False
4,False,False,False,False,False,False,False,True,False,False,True,False,False
3,False,False,False,False,False,False,False,True,False,False,True,False,False
3,False,False,False,False,False,False,False,True,False,False,True,False,False
3,False,False,False,False,False,False,False,True,False,True,False,False,False
3,False,False,False,False,False,False,False,True,False,False,True,False,False
2,False,False,False,False,False,False,False,True,False,False,True,False,False
3,False,False,False,False,False,False,False,True,False,False,True,False,False
3,False,False,False,False,False,False,False,True,False,True,False,False,False
3,False,False,False,False,False,False,False,True,False,False,True,False,False
3,False,False,False,False,False,False,False,True,False,True,False,False,False
2,False,False,False,False,False,False,False,True,False,False,True,False,False
3,False,False,False,False,False,False,False,True,False,False,True,False,False
5,False,False,False,False,False,False,False,True,False,False,True,False,False
2,False,False,False,False,False,False,False,True,False,False,True,False,False
1,False,False,False,False,False,False,False,True,False,False,True,False,False
1,False,False,False,False,False,False,False,True,False,False,True,False,False
2,False,False,False,False,False,False,False,True,False,False,True,False,False
0,False,False,False,False,False,False,False,True,False,False,True,False,False
3,False,False,False,False,False,False,False,True,False,False,True,False,False
5,False,False,False,False,False,False,False,False,False,False,True,False,False
2,False,False,False,False,False,False,False,False,False,False,False,False,True
