user_name,user_id,rs12896399,rs12913832,rs1545397,rs16891982,rs1426654,rs885479,rs6119471,rs12203592
R.M. Holston,22,GT,GG,GG,AA,GG,CC,,
Charles G. Sullivan,5326,GT,GG,GG,AA,GG,TT,,
Angel Harris,495,GT,AG,GG,AA,GG,CT,,
kevinmcc,285,GT,AG,GG,AA,GG,CC,,
Razib Khan,33,GT,AA,CC,AA,GG,CC,,
sagan,13,GT,AA,GG,AA,GG,CC,,
William Vencill,581,GT,AG,GG,AA,GG,CC,,
david decker,38,GT,GG,GG,AA,AG,CC,,
orta,58,GT,GG,GG,AA,GG,CC,,
John Kemeny,63,TT,GG,GG,AA,GG,CC,,
Alanesq,74,GG,GG,GG,AA,GG,CC,,
James Fowler,118,GT,AG,GG,AA,GG,CC,,
Ugo Perego,126,GG,AG,GG,AA,GG,CC,,
Darby,189,GT,AA,GG,AA,GG,CC,,
Laura Wilson,539,GG,AG,GG,AA,GG,CT,,
StarDS9,144,GT,AA,CG,AA,GG,CC,,
Tavastian,394,TT,AG,GG,AA,GG,CC,,
Joseph Gill,158,TT,AG,CG,AG,AG,CC,,
Samantha Straus,288,GT,AG,GG,AA,GG,TT,,
Jacob Shiach,202,GT,GG,GG,AA,GG,CC,,
Stephane,207,GT,GG,GG,AA,GG,CC,,
Jim W,215,GG,GG,GG,AA,GG,CT,,
Aditya Lakshman,258,GG,GG,CC,AG,GG,CC,,
Jonathan,990,TT,GG,GG,AA,GG,CC,,
Luke Jostins,253,GG,GG,GG,AA,GG,CT,,
Vincent Plagnol,252,GT,GG,GG,AA,AG,CC,,
Michael Lally,262,GT,AG,CG,AA,GG,CC,,
Paul Szauter,266,TT,AG,CG,AA,GG,CT,,
Violet Tiramani,268,GT,AG,GG,AA,AG,CC,,
megaanmaarie,9839,GG,AG,GG,AA,GG,CC,,
MikesTooLz,466,GG,AA,GG,AA,GG,CT,,
André Bachmann,549,TT,AG,GG,AA,GG,CT,,
JenL001,468,GG,GG,GG,AA,GG,CT,,
S. Grose,124,GG,AG,GG,AA,GG,TT,,
Lynnie,503,GG,GG,GG,AA,GG,CT,,
Will,5447,GT,GG,GG,AA,GG,CC,,
Rolando,420,GG,AG,GG,AA,GG,CT,,
Paul G,287,GG,GG,GG,AA,GG,CC,,
R Kirk,296,GT,GG,GG,AA,GG,CC,,
Grabowski,554,GT,AG,GG,AA,GG,CC,,
Erhan,572,GG,AG,CG,AA,GG,CC,,
TAK,305,GT,AG,GG,AA,AG,CC,,
Kevin Frad,644,GT,AA,GG,AA,GG,CC,,
claudia,311,GG,AA,GG,AA,GG,CC,,
Mateo,322,GG,AA,GG,AG,AG,CC,,
Kadu,1010,GG,AG,CG,AA,GG,CC,,
LOU,497,TT,GG,CG,AA,GG,CC,,
Mireille JOUE,502,GG,AG,GG,AA,GG,CC,,
Chris Crockford,664,GT,AG,GG,AA,GG,CC,,
Yogin of Illusion,337,TT,GG,CG,AA,GG,CC,,
Go!blin,349,TT,GG,CG,AA,GG,CC,,
Freya Borries,341,TT,GG,GG,AA,GG,CC,,
L L C,561,TT,AG,GG,AA,AG,CT,,
Lizzie,352,GT,GG,GG,AA,GG,CC,,
Graham,1013,TT,AG,GG,AA,GG,CT,,
Stephane Bourgeois,835,GT,AG,GG,AA,,CC,,
Jordan Carroll,357,GT,AG,CC,AG,AG,CC,,
Thomas Mailund,836,TT,GG,GG,AA,GG,CT,,
Nick Reshetnikov,363,TT,GG,GG,AA,AG,CC,,
Justin Grimes,180,GG,GG,GG,AA,GG,CC,,
Konrad Witte,563,GG,AA,GG,AA,GG,CC,,
Larry Osprey,380,GT,AG,GG,AA,GG,CC,,
Anon gene,319,GG,AG,GG,AA,GG,TT,,
Robert Horley,439,TT,GG,GG,AA,GG,CT,,
Maddietuttle,9450,GT,AG,GG,AA,GG,CC,,
Judith Blunt,279,GT,AA,GG,AA,GG,CC,,
Christine Hawes,595,GG,AG,GG,AA,GG,CC,,
alias,609,GT,GG,GG,AA,GG,CC,,
Denise Dettloff,762,TT,AG,GG,AA,GG,CC,,
Donald Meek,806,GG,GG,GG,AA,GG,CC,,
Jennifer Jewell,761,TT,AG,GG,AA,GG,CC,,
David Hesse,887,GT,GG,GG,AA,GG,CC,,
Civ Gold,651,GG,GG,GG,AA,GG,CT,,
alice,776,TT,GG,GG,AA,GG,CC,,
Aaron Hathaway,678,GG,AA,GG,AA,GG,CC,,
Altorfer,328,TT,AG,GG,AA,GG,CC,,
SK,675,GT,AA,CC,GG,GG,CC,,
Jamie,839,GG,GG,GG,AA,GG,CC,,
Norman Gantlesmit,777,TT,AG,GG,AA,GG,CC,,
Roberta ohler,721,GT,AG,GG,AA,AG,CC,,
Tuomas Hietanen,645,GG,GG,GG,AA,AG,CC,,
Mirasol,688,GT,AA,CC,GG,AG,CC,,
Jeff Friedman,722,GG,AG,GG,AA,GG,CC,,
TJ,682,TT,GG,GG,AA,GG,CC,,
James Edwards,693,GG,AG,GG,AA,GG,CC,,
Mike Cairns,850,GT,GG,GG,AA,GG,CT,,
fo121c,758,GG,GG,GG,AA,GG,CC,,
Michael Winemaster,854,GT,AG,CG,AA,GG,CC,,
Jarrod,749,TT,GG,GG,AA,GG,CT,,
Keith Bettinger,754,GT,AG,GG,AA,GG,CC,,
Civ's Father,903,GT,GG,,AA,,,,
sheila,912,GG,GG,GG,AA,GG,CC,,
f0rky,583,GT,GG,GG,AA,GG,CT,,
Sura,748,GT,AG,GG,AA,GG,CT,,
Valikhan Dumshebayev,146,GT,AA,CG,AA,GG,CC,,
a,782,GG,GG,CG,AA,GG,CC,,
Anna,798,GT,AG,GG,AA,GG,CC,,
Meg Apple,799,GG,AG,GG,AA,GG,CT,,
Stanfill,811,GT,GG,GG,AA,GG,CT,,
Simpson clan member 001,813,GT,AG,GG,AA,GG,CT,,
Ana Arango,803,GG,AG,GG,AG,GG,CC,,
Amir,440,GG,AG,GG,AA,GG,CC,,
Valerie Craft,159,TT,GG,GG,AA,GG,CT,,
David Cooper,865,GT,GG,GG,AA,GG,CT,,
mmwc617,8274,TG,AG,,AA,GG,CC,,
biotechdj,168,GT,GG,CG,AG,AG,CT,,
JS,845,GT,AG,CG,AA,GG,CC,,
M. Beaver,951,GT,AG,GG,AA,GG,CC,,
David T Wilcox,952,GG,GG,GG,AA,GG,CC,,
James Hoffmann,949,GG,GG,GG,AA,GG,CT,,
Yeti,829,TT,GG,GG,AA,,CC,,
markus,926,GG,AG,GG,AA,AG,CC,,
Sean Jones,968,GG,GG,GG,AA,GG,CT,,
joshua,1022,GT,GG,GG,AA,GG,CT,,
MH,842,GG,GG,GG,AA,GG,CC,,
Stephanie Baker,1026,GG,GG,CG,AA,GG,CC,,
JT,6269,GT,GG,GG,AA,GG,CC,,
Vincent,4671,GG,AG,GG,AA,GG,CC,,
Marshall Garland,1034,GG,AA,GG,AA,AG,CC,,
anthony fossella,726,GG,GG,CG,AA,AG,CC,,
tossssco,1420,GG,AA,GG,AA,GG,CC,,
Daniel Goldowitz,11,GG,AA,CG,AA,AG,CC,,
Fabienne,1424,GT,GG,GG,AA,GG,CC,,
hiltjn,7080,TT,AA,GG,AA,GG,CC,,
Sam Hill,1600,TT,GG,GG,AA,GG,CT,,
april,1375,GT,AA,CG,AG,GG,CC,,
Patricia Sterkowitz,4440,GG,GG,,AA,GG,CC,,
Sheila Clark,1028,TT,GG,GG,AA,GG,CC,,
Polyanna,1445,GG,GG,GG,AA,GG,CC,,
Bryan E,216,GT,GG,GG,AA,GG,CC,,
Zack,44,GG,AA,CC,AA,GG,CC,,
Rodney Jewett,1036,GG,AG,GG,AA,GG,CC,,
MinniePearl,918,GG,AG,GG,AA,GG,CC,,
Einsky,9078,GT,AG,GG,AA,GG,CC,,
Ingemar,1039,GG,GG,GG,AA,GG,CC,,
Heather,3886,GG,GG,,AA,GG,CC,,
Double L,3904,GG,AA,CC,GG,AA,CC,,
Bill Bradford,1040,GT,AG,GG,AA,GG,CT,,
Roger Mitchell,832,GG,AA,CC,AG,GG,CC,,
NC,5456,GT,GG,GG,AA,GG,CC,,
katie,11819,GG,GG,GG,AA,GG,CT,,
heather suhrbur,3905,TT,AG,GG,AA,GG,CC,,
Angel M. Felicisimo,4672,GG,AG,GG,AA,GG,CC,,
Patrice Scott,160,GG,GG,CG,AG,GG,CT,,
Glenn Hammonds,915,TT,GG,GG,AA,GG,CC,,
Agron Daja,763,GT,AA,GG,AA,GG,CT,,
Melina Tafoya,1519,GG,AG,,AG,,CC,,
Mr X,1059,TG,AG,,AA,GG,CC,,
Tom Jansson,5850,GG,GG,GG,AA,AG,CC,,
Linda Bique,781,GT,GG,CG,AA,GG,CC,,
stacy,5460,GT,AG,GG,AA,GG,CC,,
Emil Kirkegaard,441,GT,GG,GG,AA,GG,CT,,
protoomega,3908,TT,GG,GG,AA,GG,CC,,
ckrate,3964,TT,AA,GG,AA,GG,CC,,
Emma,1392,GT,AG,GG,AA,GG,CC,,
mamacita,2453,GT,GG,GG,AA,GG,CT,,
Kara Moore,1459,GT,GG,GG,AA,GG,CC,,
Adam Mico,1066,GT,GG,GG,AA,GG,CC,,
Kaitlyn ,1393,TG,AG,,AA,GG,CC,,
zpd,1275,TT,AG,GG,AA,GG,CT,,
Anthony R.,1281,GG,AG,GG,AG,GG,CC,,
gwatson,7082,GG,GG,GG,AA,GG,CT,,
Timothy MacLaine,1537,GT,AG,GG,AA,GG,TT,,
Kate Balint,1531,GT,,CG,,AG,CT,,
K. Thomas Pickard,294,GT,GG,GG,AA,GG,CT,,
Mikko Ojanen,473,GG,GG,GG,AA,GG,CC,,
Ellie Johns,1288,GT,AG,GG,AA,GG,CC,,
Vladimir Lupashin,1668,GT,AG,GG,AA,GG,CC,,
Skylar Erikson,1991,GT,AG,GG,AA,GG,CT,,
gregtelepenko,1077,GT,GG,GG,AA,GG,CC,,
Denice,5719,TT,AG,GG,AA,GG,CC,,
Chad Heck,1466,TT,AG,CG,AA,GG,CC,,
1027kms,10260,TT,AG,GC,AA,GG,CC,AA,
Valentijn,1103,GT,GG,GG,AA,GG,CC,,
Nathan,1125,GG,AG,GG,AA,GG,CT,,
frankhpns,1114,GG,AA,GG,AA,GG,CT,,
claus stie kallesøe,1133,TT,GG,GG,AA,GG,CC,,
Dee,2000,GT,GG,GG,AA,GG,CT,,
Mike,1129,GT,GG,GG,AA,GG,CC,,
Gestalt,533,TT,GG,GG,AA,GG,CC,,
soler,276,TT,AA,GG,AA,GG,CC,,
Renee,1134,GG,GG,GG,AA,GG,CT,,
frenchboy,330,GT,GG,GG,AA,GG,CT,,
atl404,1142,GT,AA,CG,AA,GG,CC,,
martin,1467,TT,AG,GG,AA,GG,CT,,
Emma,1131,GT,GG,GG,AA,AG,CT,,
Seth Perry,1325,GT,GG,GG,AA,GG,CC,,
Lisa ,1678,TT,AA,CG,AG,GG,CC,,
Joel F Peres,154,GT,AG,CC,AA,AG,CC,,
Bernard Secher,574,GT,GG,GG,AA,GG,CC,,
Erik Aronesty,1470,GT,AG,CG,AA,AG,CC,,
Mathew Bryant,1494,TT,GG,,AA,GG,,,
Lgarvey70458,11548,TG,GG,GG,AA,GG,CC,AA,
Stephanie Kajpust,2454,GT,GG,GG,AA,GG,CC,,
Tamara,3547,GT,AG,GG,AA,GG,CC,,
John Roberts,2291,GG,,,,GG,,,
Lisa Magno,2700,GG,AG,GG,AA,GG,CT,,
Canrith,2018,GT,AA,GG,AA,AG,CT,,
simplehuman,4018,GT,AG,GG,AA,GG,CC,,
Cathalex,943,GG,AG,GG,AA,GG,CC,,
Aurash,298,GT,AA,CG,AG,AG,CC,,
Pearl,7565,GT,AG,GG,AA,GG,CC,,
Bruce Friedman,4679,GG,GG,GG,AA,GG,CC,,
Kayle,2056,GT,GG,GG,AA,GG,CC,,
robwidman,8534,GG,GG,GG,AA,GG,CC,AA,
MapleLox,2314,GT,AG,GG,AA,GG,CC,,
JENNIFER SMITH,3532,GG,GG,GG,AA,GG,CC,,
Tfoose,11062,GG,AG,GG,AA,GG,TC,AA,
pam,1875,GT,GG,GG,AA,GG,CC,,
shany1,6573,GG,AA,GG,AG,GG,CT,,
di,2008,TT,AG,GG,AA,GG,CC,,
Bram De Clerck,200,GT,GG,GG,AA,GG,CC,,
EAC,1879,GG,AA,CG,GG,AG,CC,,
Oren Barad,1963,GT,AG,GG,AA,GG,CC,,
Sarah Fergione,2720,GG,AG,GG,AA,GG,CC,,
kh1006,2457,GT,AG,GG,AA,GG,CC,,
Tornpie,2024,TT,GG,GG,AA,GG,CC,,
Uli,2133,GG,AA,CC,AA,AG,CC,,
Ellie,1209,GT,AG,GG,AA,GG,CC,,
Phyllis Heffner,2455,GG,AG,GG,AA,GG,CC,,
LE,7089,GT,GG,GG,AA,GG,CC,,
Alice ,567,TT,GG,GG,AA,GG,CC,,
Ziad Ganim,2725,GG,AG,CG,AA,GG,CC,,
BRANDI,2748,GG,GG,,AA,GG,CC,,
Liz ,2729,GG,AG,,AA,GG,CC,,
Mustafa,4171,GT,AG,CG,AA,GG,CC,,
Sandra Lorenz,5478,GT,GG,GG,AA,GG,CT,,
Anna,1833,TT,GG,GG,AA,GG,CC,,
ethos,2759,GT,AG,GG,AA,GG,CC,,
Jenna Bagby-Moon,2739,GT,GG,CG,AA,GG,CT,,
Mae,1532,GG,AA,,GG,GG,CC,,
captccna,366,TT,AG,GG,AA,AG,CT,,
Edua,2153,GG,AA,GG,AA,AG,CT,,
PS,2158,GT,GG,GG,AA,GG,CC,,
butters,2498,GT,GG,GG,AA,AG,CC,,
Brandon Winningham,2568,GT,GG,GG,AA,GG,CC,,
Tyrone Terrell Ausby,2574,GG,AG,,AG,GG,CC,,
FBlabu,2162,GT,AG,GG,AA,GG,CC,,
CC,2512,TT,GG,GG,AA,GG,CC,,
Amy Soyka,2166,TT,GG,GG,AA,GG,CC,,
Gary,3706,GT,GG,GG,AA,GG,CC,,
Curt,4066,GG,AG,GG,AA,GG,CC,,
Sam,2177,TT,GG,GG,AA,GG,CC,,
Ainnir,2202,GT,GG,GG,AA,GG,CC,,
maru67,1121,GT,AG,GG,AA,GG,CC,,
Justin Corsa ,2203,TG,GG,,AA,GG,TC,,
Heverington,3766,GG,AG,GG,AA,GG,CC,,
TopherBlake,2217,GG,AA,,AA,,,,
echofuzz,2513,GG,AA,CG,AG,AG,CC,,
RufusColtraine,2402,GG,AG,GG,AA,GG,CC,,
Mary Phillips,4680,GT,AG,GG,AA,GG,CC,,
locke_skywalker,3967,GG,GG,GG,AA,GG,CC,,
kristina morland,3582,GT,AG,GG,AA,GG,CC,,
Salena,2307,TT,GG,GG,AA,GG,CT,,
Robin Goldberg,2576,GG,AA,GG,AA,AG,CC,,
Ray Miler,4297,GG,GG,,AA,GG,CC,,
Sarah New,3780,GG,AG,GG,AA,GG,CC,,
J A,11520,TT,GG,GG,AA,GG,CC,AA,
Alan Kasper,646,GT,GG,GG,AA,AG,CT,,
Dave K,775,GT,GG,GG,AA,GG,CT,,
Patricia Sullivan,2276,GT,,,,,CC,,
SpongyBob,2901,GT,AA,GG,AA,AG,CC,,
Michael Lopez,2279,GT,AG,GG,AA,GG,CC,,
Vivek,2616,GG,AG,CC,AG,GG,CC,,
Julie,3971,TG,GG,,AA,GG,CC,,
Patrick Meade,3569,GG,GG,GG,AA,GG,CC,,
Nik,2570,GT,GG,CC,AA,GG,CC,,
Mishka,2841,TT,AG,GG,AA,AG,CT,,
meh,2849,GG,AA,GG,AA,GG,CC,,
Bo Arleth,3598,TT,AG,GG,AA,GG,CC,,
Svan,10,GG,AA,CG,AA,AG,CC,,
Dimitar Dimitrov,3992,GT,AG,CG,AA,GG,CC,,
Margaret Nolan,2858,GG,GG,GG,AA,GG,TT,,
Lynn Andrea,5487,GG,GG,GG,AA,AG,CC,,
omid,2628,GG,AA,CC,AA,GG,CC,,
Crystal McCollum,2886,GG,AG,GG,AA,GG,CC,,
Jeremy,2890,GT,GG,GG,AA,GG,CC,,
Karyn,3979,GG,AA,GG,AA,GG,CC,,
John Moss,2764,GG,GG,GG,AA,GG,CC,,
Abrambrooks,2887,GT,AG,CG,AG,GG,CC,,
David Trindle,2633,GT,GG,GG,AA,GG,CT,,
ChrisB,2894,TG,GG,,AA,GG,CC,,
Brance Reed,2881,TT,GG,GG,AA,GG,CC,,
April Wagner,5485,GG,AA,,AA,GG,CC,,
dkv,2645,GT,AG,CC,AG,GG,CC,,
Ron Leuty,2660,GT,GG,GG,AA,GG,CT,,
AustinTC,2665,GG,AG,,AA,GG,CC,,
Mike Lantz,2907,TT,AG,CG,AA,GG,CC,,
24koba,2675,TT,AA,CC,GG,AA,CC,,
Bonnie Forshey,4095,TT,AG,GG,AA,AA,CC,,
Clark Valentine,3605,GT,GG,GG,AA,GG,CT,,
Sevgi,3615,GG,AA,CG,AA,GG,CC,,
Shawn Fisher,3611,GT,GG,GG,AA,GG,TT,,
Courtney Holloway,3581,GG,GG,CC,AA,GG,CC,,
Robert Bermingham,5495,GT,GG,GG,AA,GG,CT,,
Lloyd Jones,3931,GG,AA,CC,GG,GG,CC,,
bearcalypse,3934,GT,AA,CG,AA,GG,CC,,
Dianne Lewis,3913,GT,AA,GG,AA,GG,CT,,
Rhiannon LaVine,4127,GT,AG,GG,AA,GG,CC,,
Katja Arre,4694,GT,GG,CG,AA,GG,CC,,
Joshua Powell,4042,TG,AG,,AA,GG,CC,,
AM,3626,TG,AG,,AA,GG,CC,,
Teri,3625,TT,AG,GG,AA,GG,CC,,
Lucella Luna,3622,GT,AG,GG,AA,GG,CC,,
CH,3624,GG,GG,,AA,AG,CC,,
Forest Peterson,1802,GT,GG,GG,AA,GG,CC,,
kt sin,3930,GT,AG,GG,AA,AG,CT,,
merrikay,3644,TT,GG,GG,AA,GG,CC,,
Crista,3643,GT,GG,GG,AA,GG,CC,,
Michael Mac,3655,TT,GG,GG,AA,GG,CC,,
Polly,3922,GT,AA,CC,GG,GG,CC,,
wcbengals,8635,GT,GG,CG,AA,AG,CC,,
david,1975,GT,AG,GG,AA,GG,CC,,
Tristan Brunsdon,3642,GT,GG,GG,AA,GG,CT,,
z704w40,6099,GT,AG,CG,AA,GG,CC,,
Giovanni DallOlio,75,GG,AG,GG,AA,GG,CC,,
Kamil,3454,GT,AG,GG,AA,GG,CT,,
Alicia,3835,GG,AG,GG,AA,GG,CC,,
Layna ,3847,GT,GG,GG,AA,GG,CC,,
Jillian Jordan,684,GG,GG,CG,AA,GG,CC,,
Jerry Garrison,4695,TT,GG,CG,AA,GG,CC,,
pwmguy,4143,GG,GG,GG,AA,GG,TT,,
Tracy Lee,4133,GG,GG,,AA,GG,TC,,
Janine O'Flaherty,3486,GG,AA,GG,AA,GG,CC,,
DR Turing,3942,GT,GG,GG,AA,GG,CC,,
Maude Miller,3954,TT,GG,CG,AA,GG,CC,,
Rebekah,3499,GG,AG,CG,AA,GG,CC,,
Andreas Huefner,3257,GG,AG,GG,AA,GG,CC,,
Ollie ,3865,GT,GG,GG,AA,GG,CC,,
John Foege,4080,TT,GG,GG,AA,GG,CC,,
Alexander Zanin,4056,GT,GG,GG,AA,GG,CC,,
Queenie,4055,TT,GG,GG,AA,GG,CT,,
Jbcannaday,4106,GT,GG,GG,AA,GG,CC,,
Sean,4147,GG,AA,GG,AA,GG,TT,,
Hannah,3688,GG,GG,,AA,GG,CC,,
sqpaa,9421,GT,GG,GG,AA,AG,CC,,
IrishLass,3531,GT,GG,GG,AA,GG,TT,,
Nash Parovoz,6,GG,AG,GG,AA,GG,CT,,
Liz,3689,GT,AG,GG,AA,GG,CT,,
Christina Grant,4159,TT,GG,GG,AA,GG,CC,,
Andre,4084,GG,AG,GG,AA,GG,CT,,
Gabriel Szaszko,3543,GT,GG,GG,AA,GG,CC,,
nancy fra,3883,GG,AG,GG,AA,GG,CC,,
RON,4181,GT,GG,GG,AA,GG,CC,,
Couscous Nomad,814,GG,AG,CC,AA,GG,CC,,
Carole Hogan,7923,GT,GG,GG,AA,GG,CC,,
birdie gandy,4192,GT,GG,CG,AA,AG,CT,,
Robbie Parker,4176,GG,AG,,AA,GG,CC,,
Charles Amrhein,5146,GG,AA,GG,AA,GG,CC,,
Fallon,4813,GG,AA,CG,AG,GG,CC,,
Linda,4814,GT,AA,GG,AA,GG,CC,,
Suzanne Berger,251,GT,GG,GG,AA,GG,CC,,
Marco,4029,GT,AG,GG,AA,GG,CC,,
Michael Hetherington,4200,TT,GG,GG,AA,GG,CT,,
Stephen,3973,GT,AA,CC,GG,GG,CT,,
Benjamin Willis,5529,GT,AG,CG,AA,GG,CT,,
David,4621,GT,AG,GG,AA,GG,CT,,
Ruth,5540,GT,GG,GG,AA,GG,CC,,
naturalismus,1085,GG,GG,GG,AA,GG,CC,,
garfield_79,4825,TT,GG,GG,AA,GG,CC,,
julien,4859,GT,AG,GG,AA,GG,CC,,
Pamela Lambert,2278,GT,GG,GG,AA,AG,CC,,
Jason ,4833,TT,AG,GG,AA,GG,CT,,
Lavinia,1968,GT,GG,GG,AA,GG,CC,,
Kathleen Baker,5557,TT,AG,GG,AA,GG,CC,,
Stephen Smith,99,GG,GG,GG,AA,GG,CT,,
Eleanor Finken,4632,GG,AA,GG,AA,GG,CC,,
Johann Knutsson,175,GG,AG,GG,AA,GG,CC,,
Julie Gauthier,9135,GT,AG,GG,AA,GG,TT,,
Michele Zimmerman,4834,GG,AG,,AA,GG,TT,,
Janet Ward,4463,GT,AG,GG,AA,GG,CT,,
Rebecca,4643,GG,AG,GG,AA,GG,CT,,
arulguna1986,4851,GT,AA,CC,AG,GG,CC,,
almelina,90,GG,AG,GG,AA,GG,CC,,
Richelle Ludwick,5568,TT,GG,GG,AA,GG,CT,,
Tom Hodder,607,GT,GG,GG,AA,GG,CC,,
JGH79,4064,GG,AG,,AA,GG,TC,,
ack,397,GG,AG,GG,AA,GG,CC,,
Dominic,11562,TT,GG,GG,AA,GG,CC,AA,
gabriel,4346,TT,AG,CG,AA,GG,CC,,
Mtstjen,4356,GT,AG,GG,AA,GG,CC,,
Alexandra,3695,GT,AG,GG,AA,GG,CT,,
Kayla Turner,2507,GT,GG,GG,AA,GG,CT,,
Denise,4359,GT,GG,GG,AA,GG,CT,,
Sylvia Squirrell,5167,GT,AG,GG,AA,GG,CT,,
Austin1031,6108,TG,GG,,AA,GG,TC,,
Matt Hannan,5170,TG,GG,,AA,GG,TC,,
Chip2904,6103,GG,AA,GG,AA,GG,TT,,
A dad,4381,GG,AA,CC,GG,AG,CC,,
Julian,4715,GT,AG,GG,AA,GG,CC,,
Caroline Gray,5182,GT,AG,GG,AA,GG,CT,,
sean,5180,GG,GG,CG,AA,GG,CC,,
A Shah,5185,GG,AG,CC,AG,GG,CC,,
lvl61261,2571,GG,AG,,AA,GG,TC,,
Halastjarna,4732,GG,GG,,AA,GG,CC,,
Zeek Daniel,1033,GT,AA,GG,AA,GG,CC,,
tracy,4735,GT,AG,GG,AA,GG,CC,,
Brie Fuqua,4646,GG,AG,GG,AA,GG,CC,,
Ken Nelson,4482,TT,AG,GG,AA,GG,CT,,
Steph Smith-Unna,4648,TT,GG,GG,AA,GG,CT,,
Jennifer F.,5195,GT,AA,CG,GG,GG,CC,,
Brenda Mundt,4654,TT,AG,,AA,GG,CC,,
TheaM94,4399,GG,GG,CG,AA,GG,CC,,
Curt Welch,4928,TG,GG,,AA,GG,CC,,
sabrina,1382,GT,AG,GG,AA,GG,CC,,
Iseult Rood,4879,TT,GG,GG,AA,GG,CC,,
Nic MT,966,GT,AA,GG,AA,GG,CC,,
James Strickland,2707,GG,GG,GG,AA,GG,CC,,
Charles M. Carroll,4502,TT,AG,,AA,GG,CC,,
Steve Karmeinsky,4230,GG,AG,GG,AA,GG,CC,,
Dtravailloux ,5207,GT,AG,GG,AA,GG,CT,,
rolandtian,7929,GT,AA,CC,AG,AA,CC,,
Krefter,3882,GG,GG,CG,AA,GG,CC,,
Gary Mullennix,4009,GT,GG,GG,AA,GG,CC,,
Pepperpod,2648,GG,GG,GG,AA,GG,CC,,
J B,5223,GG,GG,GG,AA,AG,CC,,
steve,925,GG,GG,GG,AA,GG,CC,,
Teresa Kroner Jackson,3881,GT,GG,GG,AA,GG,CC,,
Lachlan Thomson,808,GT,GG,GG,AA,GG,CC,,
Orin Hargraves,2826,GT,GG,GG,AA,AG,CC,,
Richard Meier,481,GT,AG,CG,AA,GG,CC,,
Daniel Cowdery,4430,GG,GG,,AA,GG,TC,,
Jason W.,295,GG,AG,GG,AA,GG,CC,,
Roland,4507,GT,AA,GG,AA,GG,CC,,
Justin Loe,437,TT,AG,GG,AA,GG,CC,,
Vickie,3858,GG,GG,,AA,AG,CC,,
Cheyenne Parsley,5233,GT,GG,GG,AA,GG,CC,,
JMN,1499,GG,AG,GG,AA,GG,CT,,
William,4758,GT,AA,CG,AA,GG,CC,,
battaway,8291,GG,GG,CG,AA,AG,CT,,
Roch Perron,7931,GG,GG,GC,AA,GG,CC,,
Veronica,4932,GT,AG,GG,AA,GG,CT,,
VANESSA ,5257,TT,GG,GG,AA,GG,CC,,
Sarah W,9871,GG,GG,GG,AA,GG,CC,,
Stephenie,4568,TG,GG,,AA,GG,TC,,
Kenneth Ottinger,4549,TT,AA,GG,AA,AG,CT,,
CCC 78,4569,GT,GG,GG,AA,GG,CC,,
David,4597,TT,AG,,AA,GG,CC,,
Johnivo Flag,3853,GT,AG,GG,AA,GG,CC,,
griffix,4598,GG,AG,,AA,GG,CC,,
Penny Kinsella,4587,GG,GG,GG,AA,GG,CT,,
Lb,14,GG,AG,GG,AA,AG,CT,,
K Feral,4594,GT,GG,GG,AG,AG,CC,,
Katelyn Bagley,5288,GT,AA,GG,AA,GG,CC,,
efuest,4602,TT,AG,,AA,GG,CC,,
Ahmed Conde Adam,4604,GG,AG,,AG,GG,CC,,
samira,5302,GG,AA,CC,AA,GG,CC,,
Jason Byrne,4910,GG,GG,,AA,AG,CC,,
Eugene Borukhovich,704,GT,GG,CG,AA,AG,CC,,
Wahine,483,GT,AA,CC,AG,GG,CC,,
Mama_muse,6351,GG,GG,GG,AA,GG,CC,,
Kelly Hannan,5342,GT,AG,GG,AA,GG,CT,,
obs_il,779,GT,GG,GG,AA,GG,CC,,
Natalie Thurlby,9876,GT,GG,GG,AA,GG,TT,,
Leanne,5408,GT,AG,GG,AA,GG,CC,,
Diana,4411,GT,AA,GG,AA,GG,CT,,
Rob,5432,GT,GG,CG,AA,GG,CC,,
vic,4712,GG,GG,CG,AA,GG,CT,,
Nathan Thorpe,4797,GT,AG,GG,AA,GG,CC,,
Yong Park,4057,GT,AA,CC,GG,AA,CC,,
Raine,4796,TT,AG,,AA,GG,CC,,
Katie,4943,GG,AA,GG,AA,GG,CC,,
Mark Walters,4954,TG,GG,,AA,GG,TC,,
SpaceNinja,10959,GG,AA,CG,AA,,CC,,CC
Ernesto,610,GG,AA,GG,AA,GG,CC,,
Tom,4983,TT,GG,GG,AG,GG,CC,,
Rebecca,4985,GG,GG,GG,AA,GG,CC,,
Donna Panusa,4998,TT,AG,GG,AA,GG,CT,,
Kate Gallagher,5034,GG,GG,,AA,GG,CC,,
Katherine Hancock,9023,TG,AG,GG,AA,GG,CC,AA,
Robin Alves,5048,GG,GG,GG,AA,GG,CT,,
Eileen,5073,GG,GG,GG,AA,GG,CT,,
Susan Young,5099,GG,GG,,AA,GG,CC,,
Rebecca Lindley,5103,TG,GG,,AA,GG,TC,,
Mariaber,5105,GT,AG,GG,AA,GG,CT,,
Aqueous Transmission,6284,GG,GG,CG,AA,AG,CC,,
Michael W May,5582,GG,GG,GG,AA,GG,CC,,
cole tate,5199,GG,GG,,AA,GG,TC,,
Michell freeman ,6285,GG,GG,GG,AA,GG,CT,,
Karen Preimesberger,4547,GT,GG,GG,AA,GG,CC,,
Abram,5235,GT,GG,GG,AA,GG,CC,,
olecl,9519,GT,GG,GG,AA,GG,CC,,
markanini,6115,TT,AG,GG,AA,GG,CT,,
auroradiem,6367,GT,GG,GG,AA,GG,CT,,
Rhys Donaubauer,5612,GG,GG,GG,AA,GG,CC,,
Lee,5613,TT,GG,CG,AA,GG,CC,,
MSB,1980,GT,AG,GG,AA,GG,CT,,
Joyce Rollins,5629,GT,GG,GG,AA,GG,CT,,
Jacob Millerline,5332,GT,AA,CG,AA,GG,CT,,
Daniel Munro,2797,GT,GG,GG,AA,GG,CT,,
Karin O,5168,GG,GG,GG,AA,GG,CC,,
Tara,8301,TT,GG,CG,AA,GG,CC,,
joyfitz1,6356,GT,AG,GG,AA,AG,CC,,
Callie,2969,GT,GG,GG,AA,GG,CC,,
19771962,4441,GT,GG,GG,AA,GG,CC,,
celia84,10302,GT,GG,GG,AA,GG,CT,,
Celia,3885,TG,GG,,AA,GG,CC,,
Jake,5683,GG,GG,CG,AA,GG,CC,,
ab owain,669,GG,GG,GG,AA,GG,CC,,
verity,5701,GT,GG,GG,AA,GG,CT,,
Christian W,1877,GT,AG,CG,AG,AG,CC,,
Sabrina,5723,TT,AA,CG,AA,GG,CC,,
Anonymous11,5741,TT,GG,CG,AA,GG,CT,,
Al Harrold,5743,GT,GG,GG,AA,GG,CC,,
Sherri Taylor,5745,TT,AG,GG,AA,GG,CT,,
justanotherleftover,924,TT,AA,CG,AA,GG,CC,,
J Smith,5768,GG,AA,,AA,GG,TC,,
Alivia Easton,5775,TT,GG,,AA,GG,TC,,
Jimmy Six,5800,GT,GG,GG,AA,GG,CC,,
Karen Danielsen,5803,GT,AG,CG,AA,GG,CC,,
R.Ridderbusch,6120,GG,AG,GG,AA,GG,CC,,
Jane,5821,GT,GG,GG,AA,GG,CC,,
mike,325,GT,AA,GG,AA,GG,CC,,
Joni,5833,TT,AG,GG,AA,GG,CC,,
Thomas LaRoane,5826,TG,AG,,AG,GG,CC,,
Nate S,5853,GG,GG,GG,AA,GG,CT,,
Jenn,5867,GG,AA,,AG,GG,CC,,
Hannah Lerner,5881,GG,AG,CG,AG,GG,CC,,
Dean Miller,5884,GT,GG,GG,AA,GG,CC,,
radi8,6326,GT,AG,,AA,GG,CC,,
vacantsouls,6187,TT,GG,GG,AA,GG,TT,,
Lauren,3921,TT,AG,GG,AA,GG,CC,,
Kristy Stone,5895,GG,GG,,AA,GG,CC,,
Karsten T Brown,5900,GG,GG,GG,AA,GG,CC,,
Jason Wallace,2557,GT,AG,GG,AA,GG,CC,,
beachtraveler9@aol.com,6206,GT,GG,GG,AA,GG,CC,,
Stephen Rudd,45,AA,,,AA,CC,,,
casjtoml,6239,GG,GG,GG,AA,GG,CC,,
B,5917,TT,GG,GG,AG,GG,CC,,
csm,3494,GT,GG,GG,AA,AG,CC,,
skeeterramirez,6249,GT,AG,GG,AG,GG,CC,,
akthompson76,6244,GT,GG,GG,AA,GG,CC,,
Francois57070,7611,GT,AG,GG,AA,GG,CC,,
ANA,5973,GG,AA,GG,AG,GG,CT,,
lukasfaigenbaum,6124,GT,AG,GG,AA,AG,CC,,
David Etifier,5989,GT,AG,CG,AG,GG,CC,,
Ringo Starr,6013,TT,AG,GG,AA,GG,CC,,
Claudia,6035,GT,GG,GG,AA,GG,CC,,
Wayne Morgan,717,GG,GG,GG,AA,AG,CT,,
Graeme,6045,TT,GG,GG,AA,GG,CT,,
shannon ,6065,GG,AG,CG,AG,GG,CC,,
Diana Mann,6064,TT,AG,GG,AA,GG,CC,,
frankram72,6085,TG,AA,,AA,GG,CC,,
attonconrad,6491,GG,AG,GG,AA,GG,TT,,
freddywayne,6074,GG,AA,CC,GG,GG,CC,,
amanda,4185,GT,AA,GG,AA,GG,CC,,
Erik,5515,GT,AG,GG,AA,AG,CC,,
blackbearnh,6859,GT,AG,GG,AA,GG,CC,,
N2dMistic,6381,TT,AG,GG,AA,AG,CC,,
jbearden@ieee.org,6858,GT,AG,,AA,,CC,,
Noah,6861,GT,AG,GG,AA,GG,CC,,
saintsimon,6690,TT,GG,GG,AA,GG,CC,,
Q Bargo,4034,GG,AA,CC,GG,GG,CC,,
M Bower,7613,TG,GG,GG,AA,GG,CC,,
FREEE,7610,GT,AA,CG,AA,GG,CC,,
Pat Finney,4030,GT,GG,CG,AA,GG,CC,,
evitti,6721,TT,AG,GG,AA,GG,CC,,
angoldberg,6733,GT,AA,GG,AA,GG,CC,,
J Friedlander,4111,TG,AG,,AA,GG,CC,,
chrylbltn,8656,TG,GG,GG,AA,GG,CC,AA,
MSCoast30,6484,GT,AA,GG,AA,GG,CC,,
Samantha B. Clark,8,GG,AA,GG,AA,GG,CC,,
Lisa E,2023,GT,GG,GG,AA,GG,CC,,
Iskren Ivov Chernev,820,GG,AG,GG,AA,GG,CC,,
starrydecisis,5155,GG,GG,GG,AA,GG,CT,,
vpl,204,GG,GG,GG,AA,GG,CC,,
James Larry Vick,123,TT,GG,CG,AA,GG,CT,,
frank,40,TT,GG,GG,AG,GG,CT,,
José,792,GG,AA,CG,AA,GG,CC,,
Jens,1987,GT,AG,GG,,,CT,,
Red Rover,916,TT,AG,GG,AA,GG,TT,,
Julllucas,9046,TG,GG,GC,AA,GG,CC,AA,
Eric Uhden,556,GG,AG,GG,AG,AG,CC,,
Mary Katharine Bretsch,4580,GT,AA,GG,AA,GG,CC,,
keely,1269,GT,AA,GG,AA,GG,TT,,
kstickley,6928,GG,GG,GG,AA,GG,CC,,
Trey,6943,GT,GG,GG,AA,GG,CC,,
Maureen Markov,17,GG,GG,GG,AA,GG,CT,,
Chloe,5820,GG,GG,GG,AA,GG,CC,,
Intelligent1,6936,GT,AA,CC,AG,AG,CC,,
Jolene,6985,GT,GG,GG,AA,GG,CC,,
Unfortunate,6981,GT,AA,CC,GG,AG,CC,,
Tina parker,6993,TT,AG,CG,AA,GG,CT,,
Dan Sullvian,7020,GG,AA,GG,AA,GG,CT,,
broszy,7055,GT,AG,GG,AA,AG,CC,,
Sally,9906,TT,AG,GG,AA,GG,CC,AA,
Lainie Petersen,7072,TT,GG,GG,AA,GG,CT,,
Osirispup ,6935,TT,GG,,AA,GG,CC,,
jderkits,7098,GG,GG,GG,AA,GG,CT,,
ceanzi,8655,TG,GG,GG,AA,GG,TC,AA,
novemberguest,7114,GT,GG,GG,AA,GG,CT,,
daisy,2074,GT,GG,GG,AA,GG,CT,,
imbiber,7014,TT,GG,GG,AA,GG,CC,,
alvillalobos,7144,GT,AA,GG,AG,GG,CC,,
Alexander Richards,9862,GG,GG,GG,AA,GG,CC,,
meaghan,7155,GT,AG,GG,AA,GG,CT,,
Ebrenner1214,7156,TT,AG,GG,AA,GG,CT,,
Mandy Shurak,1379,GT,GG,GG,AA,GG,CC,,
lsm9090,7153,GT,AA,GG,AA,AG,CC,,
gracellia,10964,GG,GG,GC,AG,AG,CC,AA,
mgd23397,7189,GG,GG,,AA,GG,CC,,
sebek12345,7636,TT,GG,GG,AA,GG,CT,,
AnastasiaAlexis,7639,TT,GG,GG,AA,GG,CT,,
Sarah Pence,7198,GT,GG,GG,AG,GG,CC,,
vrishchikaa,7199,GT,GG,GG,AA,GG,CT,,
mona8080,7954,GT,AG,CG,AG,GG,CC,,
lukisch,7218,TT,GG,GG,AA,GG,CT,,
PaisleyShark,8314,GT,AG,GG,AA,GG,CT,,
Jonathan Brier,4801,GT,AG,GG,AA,GG,CT,,
Purpleamy,7214,GG,AG,GG,AA,GG,CC,,
vanessadahbour,7955,TT,AG,CG,AA,GG,CC,,
Violet101,7945,GT,GG,GG,AA,GG,CC,,
RyanMWilliams17,7252,GT,GG,GG,AA,GG,CC,,
Lynn ,4499,GT,GG,GG,AA,GG,CT,,
Luca,5675,GT,AA,CG,AA,GG,CC,,
mcc1701,8318,GT,GG,GG,AA,GG,CC,,
KHHolland,7266,GT,GG,GG,AA,GG,CT,,
Lindy,7280,GT,GG,GG,AA,GG,CC,,
Leah Rosenman,7285,GT,AG,GG,AA,GG,CT,,
keith grimaldi,411,GT,GG,GG,AA,GG,CC,,
Pete97,7307,TG,GG,,AA,GG,TC,,
whitneylclark,7312,GT,AA,GG,AA,AG,CC,,
Itsjojo,11584,GG,GG,GG,AA,AG,CC,,
Kevin G Miller,7320,GT,GG,GG,AA,GG,CT,,
imdesi,7322,GT,GG,GG,AA,GG,CC,,
Timo2001,12214,TG,GG,GG,AA,GG,CC,AA,
2redhot,7685,TT,AG,GG,AA,GG,CC,,
Darrelle,1996,GG,AG,GG,AA,GG,CC,,
MindHive,7360,GG,AA,GG,AA,GG,CT,,
FocusBreathe,7358,GG,AA,GG,AA,GG,CC,,
Karen Connelly,5098,GG,GG,GG,AG,GG,CT,,
Denise Gregory,7959,GG,AA,GG,AA,GG,TC,,
esiason14,4304,TG,GG,,AA,GG,CC,,
Daniel Lawrence,7376,TT,GG,,AA,AG,CC,,
Rebecka,6248,GT,GG,GG,AA,GG,CC,,
Melissa Erwin,1503,TT,GG,GG,AA,GG,CT,,
Jim Williamson,2207,TG,AG,,AA,GG,CC,,
coreygo,323,GT,AG,GG,AA,AG,CC,,
Stephen Holdeman III,7393,GT,GG,GG,AA,AG,CT,,
Malicat,7403,GG,GG,GG,AA,GG,CT,,
karlagibbs,7405,GT,AG,GG,AA,GG,CC,,
Anna McCauslin,7413,GG,AG,GG,AA,GG,CC,,
Edith Wacker,7450,GG,AG,GG,AA,GG,CC,,
livvylein,7446,GG,AG,GG,AA,GG,CC,,
Lance Farrell,5164,TT,GG,GG,AA,GG,CT,,
dottie78161,7475,TT,AG,GG,AA,GG,CC,,
ilanso,7471,GG,AG,GG,AA,GG,CC,,
O. Meier,7504,GG,AG,CG,AA,GG,CC,,
Darafei,5263,GG,AG,GG,AA,GG,CC,,
Mark Frischknecht,7510,GT,GG,GG,AA,GG,CT,,
Legap,3834,GG,GG,GG,AA,GG,CC,,
JasonEricBrown,8415,GT,AA,CG,AA,GG,CC,,
Marc DeJohn,7520,GT,GG,GG,AA,GG,CC,,
Bastian Greshake Tzovaras,1,GT,GG,GG,AA,GG,CC,,
ruckuschica,7693,TT,GG,GG,AA,GG,TC,,
emeadows317,7547,GT,AA,GG,AG,GG,CC,,
mmaaeeggss,7568,GG,GG,GG,AA,GG,TT,,
Jaydon,4490,TT,AA,GG,AG,AG,CT,,
Taed Wynnell,8737,GG,GG,GG,AA,GG,CT,,
Michael,3821,GG,GG,GG,AA,GG,CT,,
swgrrl78,7967,GT,GG,GG,AA,GG,CT,,
dave,1020,GT,GG,GG,AA,GG,CC,,
jaclynatkins,7585,GG,AG,GG,AA,AG,CT,,
MSteinhelfer,7466,GG,GG,CG,AA,GG,CC,,
Alan,7733,TG,AA,CC,AG,AG,CC,,
Michelle Speed,2004,GT,GG,GG,AA,GG,CT,,
TMango,7761,GT,AG,GG,AA,GG,CC,,
zstandig,7759,TT,AG,GG,AA,GG,CC,,
Betsy,7757,TG,AA,GG,AA,GG,TC,,
Derien Pacetti,7763,GG,AG,GG,AA,GG,CC,,
Luarev,7787,TT,GG,GG,AA,GG,CT,,
Marco Graziano,5274,GG,AG,GG,AA,GG,CC,,
Dolphin,8417,TT,GG,GG,AA,GG,CC,,
JenSea,7785,GT,GG,GG,AA,GG,CT,,
nbzupich,9430,GT,GG,GG,AA,GG,CT,,
npbarr2,7981,GT,GG,GG,AA,GG,CC,,
Ree Mac,7842,TG,GG,GG,AA,GG,CC,,
klnielsen ,7857,TG,GG,GG,AA,GG,CC,,
Matt Jordan,589,GG,AG,GG,AA,GG,CC,,
Kristina,7888,TT,AG,GG,AA,AG,CC,,
Paul Conroy,613,GT,AG,GG,AA,AG,TT,,
alicesusandeexx,7905,GG,AG,GG,AA,GG,CC,,
Stephen martin,7907,GG,GG,GG,AA,GG,CC,,
Robert Peel,187,GT,AA,GG,AA,AG,CC,,
Pesho Ivanov,637,TT,GG,GG,AA,GG,CC,,
philippe d,7915,GG,GG,GG,AA,GG,CT,,
FiFiMontgomery ,7485,TT,AG,GG,AA,GG,CT,,
Christy10011,9928,TT,GG,GG,AA,GG,TT,,
Daniel Hjertholm,667,TT,AG,GG,AA,GG,CC,,
dldenis,8046,GT,AG,GG,AA,GG,CC,,
Tnyardangel,8058,GG,GG,CG,AA,AG,CC,,
ddsawyer,8060,GG,GG,GG,AA,GG,CT,,
limitlesshealth,1312,GG,AG,GG,AA,AG,CC,,
AslGenes,8073,TT,GG,GG,AA,GG,CT,,
nolia,6971,GG,GG,GG,AA,GG,CC,,
WibblyWobbly,8090,TT,GG,GG,AA,AG,CT,,
Arlo12,8363,GT,GG,GG,AA,GG,CC,,
deserara,8675,GT,GG,GG,AA,AG,CC,,
silvestro03,8100,TT,GG,GG,AA,GG,CC,,
elastiwoman,9457,GT,AG,GG,AA,GG,CC,,
Drgut,8134,GT,AA,CG,AG,GG,CC,,
Sebkeecla,8129,GT,GG,GG,AA,GG,CC,,
joshy,8135,GG,GG,GG,AA,GG,CT,,
SJF12,8138,GT,AG,CG,AA,AG,CC,,
mymaia1996,9072,TT,GG,GG,AA,GG,CC,,
bpbeach94,8155,GT,AA,GG,AA,GG,CC,,
jojowolf43,8178,GG,AG,GG,AG,GG,CC,,
Stickygoose,8379,TG,AG,GC,AG,GG,TC,AA,
John Maione,2274,TT,GG,GG,AA,GG,CC,,
Viking Queen,1970,GT,GG,CG,AA,GG,CC,,
JustJenn,8202,GG,AG,GG,AA,GG,CT,,
synder,8203,GG,AA,GG,AA,AG,CC,,CC
mw.pw,8184,GT,AG,GG,AA,GG,CT,,
HCP,8204,TT,GG,GG,AA,AG,CC,,
jetpackjeff,8206,GG,GG,GG,AA,GG,CC,,
Justemoi,8212,TG,AG,,AA,GG,CC,,
steventhom,8246,GT,GG,GG,AA,GG,CT,,
Tome RG,8423,GG,AG,CG,AA,GG,CC,,
Clove1008,8076,GG,GG,GG,AA,AG,CC,,
tonya osburn,8237,GT,GG,GG,AA,GG,CT,,
Jonathan,2687,GG,AG,GG,AA,GG,CC,,
Sylph,7092,GG,AG,GG,AA,AG,CC,,
yogijurg,8403,TT,GG,GG,AA,GG,CC,,
skrinkle,8266,TT,AG,GG,AA,GG,CT,,
Emmajay18,10339,GT,GG,GG,AA,GG,CC,,
Miguel Rochefort,8701,GT,AG,GG,AA,GG,CC,,
James Smith,807,GG,AG,GG,AA,GG,CC,,
ryuuseki,8449,GT,GG,GG,AA,GG,CT,,
Gollaher@gmail.com,4552,GG,GG,,AA,GG,CC,,
Ebclark,8466,TT,GG,GG,AA,AG,CC,,
Serrak58@gmail.com,8476,GT,GG,GG,AA,GG,CC,,
Paprtigrs,8336,GT,AG,GG,AA,AG,CT,,
mooneyhutch,9081,GG,AG,GG,AA,GG,TC,AA,
Oliver Tacke,972,GT,GG,GG,AA,GG,CC,,
Claire,8538,TG,GG,GG,AA,GG,TT,AA,
JBMcClure,9143,GT,GG,GG,AA,GG,CT,,
Sampaige,9133,GG,AG,GG,AA,GG,CT,,
Philippe Henry,4539,GG,AG,GG,AA,GG,CT,,
Julia,9920,GG,GG,GG,AA,GG,CC,,
Joshua Hawkins,8554,GT,GG,GG,AA,GG,CC,,
Magnus Alvestad,602,GG,GG,GG,AA,AG,CC,,
Apriltimms,8563,GG,AG,GG,AA,GG,TC,AA,
charliec,8565,GG,AA,GG,AA,GG,CC,AA,
jilt1234,8561,TT,GG,GG,,,CC,,
Tracy Mortenson,5267,TG,GG,,AA,GG,CC,,
kcot,8578,TG,GG,GG,AA,GG,TC,AA,
xyzzyxyzzy,8588,TG,GG,GG,AA,GG,TC,AA,
cknick,8598,TT,AG,GG,AA,GG,CC,,
rusty_coupe31,8619,TT,GG,GG,AA,GG,TT,,
Jason dinAlt,8731,GT,GG,GG,AA,GG,CC,,
randy,3015,GG,AG,,AA,AG,CC,,
Nima,8780,GT,AA,CC,AA,,CC,,
eillac,8788,GG,GG,GG,AA,GG,CC,,
David B,4837,TT,AG,GG,AA,GG,CT,,
Ethe2004,6235,TG,AA,,AG,GG,CC,,
Sanford,4941,GT,GG,CG,AA,GG,CC,,
Sandra Curtis,5397,GT,GG,GG,AA,GG,TT,,
Debbz1,8803,GG,AA,GG,AA,GG,CC,,
AlanaRosen,8808,GT,AG,GG,AA,GG,CC,,
echomadman,4935,GT,AG,GG,AA,GG,CC,,
Chris Redfield ,8818,GG,AG,CC,GG,GG,CC,,
Bill Fraser,6005,TT,GG,GG,AA,GG,CC,,
john zadeh,8841,GT,AA,CG,AA,GG,CC,,
dmoore164,8852,GT,AG,GG,AA,GG,CT,,
Mrslockaby ,8864,GG,GG,GG,AA,GG,CC,,
map,8874,GT,AA,GG,AA,GG,CC,,
Steven Berry,954,TT,AA,CG,AA,GG,CT,,
twistmalchik,8905,GG,GG,GG,AA,GG,CC,,
jhammell,8911,GT,GG,GG,AA,GG,CC,,
DrGarGar,9111,GG,AG,GG,AA,GG,TC,AA,
Chris1507,8915,TT,GG,GG,AA,GG,CC,,CC
An,8930,GG,GG,GG,AA,,CC,,
edenlfraser,8939,GG,AG,GG,AA,GG,CC,,
rssfed23,8934,GT,GG,GG,AA,GG,CC,,
kellycorvus,8951,TT,GG,GG,AA,GG,CT,,CC
tanya,8988,GT,AG,GG,AA,GG,CC,,
GreenStar,8977,GG,GG,CG,AA,GG,CT,,
Oamais01,8990,TG,AG,GC,AG,GG,CC,AA,
Paul Shenton,64,GG,GG,GG,AA,AG,CT,,
Ivan Henrique Tavares Pauletti,9146,GT,AG,GG,AA,,CC,,
Nolan,4173,GT,GG,GG,AA,GG,CC,,
igatto,9158,GT,GG,GG,AA,GG,CT,,
SnowLeopard,9166,GG,AG,GG,AA,GG,CC,,
Kara,9172,GG,GG,GG,AA,GG,CC,,
mbillie13,9164,GG,AA,GG,AA,GG,CC,AT,
kathy,9185,GT,AG,GG,AA,GG,CC,,
 Jeremiah Snow,5924,GG,AG,GG,AA,GG,CC,,
acm702,9527,TT,AG,GG,AA,GG,CC,,
WoodyAR,9539,GG,AG,,AA,GG,CC,,
Bec1980,9218,GG,AG,GG,AA,GG,TC,AA,
James,9215,GT,GG,GG,AA,GG,CT,,
Joseph Bissell-Maynard,9223,GG,GG,,AA,GG,TT,,
maw84,9220,GT,AG,CG,AG,GG,CT,,
Archiveaxx,9232,GG,GG,GG,AA,GG,CC,,
TiffR,4428,TT,AA,GG,AA,GG,CC,,
j6182000,9119,GT,AG,GG,AA,GG,CT,,
isaare,9262,AC,AG,CC,AA,,GG,,
iklili,9276,GT,GG,GG,AA,GG,CC,,
amoore53,7841,GG,GG,GG,AA,GG,CT,,
Frank,9277,TG,AG,GG,AA,GG,CC,AA,
Lizbeth Macroon,9489,GG,GG,GG,AA,GG,TT,,
Peter,12243,GG,GG,GG,AA,GG,CT,,
Inna,9468,TT,AG,GG,AA,,CC,,
klmr,822,GT,GG,GG,AA,,CC,,
reneeyc23,9314,GG,AG,GG,AA,AG,CC,AT,
gwylim,9324,TT,GG,GG,AA,GG,CC,,
eclarep,9323,GT,GG,GG,AA,GG,CC,,
cnnewb,9360,GT,AG,GG,AA,GG,CC,,
DigiGirlFL,9367,GT,GG,GG,AG,GG,CC,,
klew,7989,GG,AG,GG,AA,GG,CT,,
23andmere,9380,GG,GG,GG,AA,GG,CT,,
Ivan,9351,GG,GG,GG,AA,AG,CC,,
Adyoull,9372,TT,GG,GG,AA,GG,CC,,
mzapolski,9375,GT,AA,CC,GG,GG,CT,,
cgricef,11585,GG,AA,GG,AA,GG,TC,AT,
John Lloyd Scharf,141,GG,AG,CG,AA,GG,CC,,
murat,9246,TT,AG,CG,AA,AG,CC,,
pedro,9969,GG,AG,GG,AA,GG,CC,,
Klevine ,7876,GT,GG,GG,AA,GG,CT,,
Miguel Graça,8890,GT,AG,GG,AA,,CC,,
llaruej90,9327,GG,GG,GG,AA,GG,CC,AA,
FerhatAkgun,9565,GG,AG,GG,AA,GG,CC,,
Martin Becze,4032,GG,AG,GG,AA,GG,CC,,
Grant David Meadors,42,GT,AG,GG,AA,AG,CC,,
Nathan,177,GT,GG,GG,AA,GG,CC,,
Beau Gunderson,60,GG,GG,GG,AA,GG,CC,,
Micke Kazarnowicz,81,GG,GG,GG,AA,GG,CC,,
cmoney1979,9568,GT,GG,GG,AA,GG,CC,,
morozmatt,9869,GG,AG,GG,AA,GG,CC,,
kipyatkova,9589,GT,GG,GG,AA,AG,CC,,
Erin,2715,TT,GG,,AA,GG,CC,,
C. Carolus MacPherson,3639,GG,AG,GG,AA,GG,CC,,
Blzlovr,4048,TT,AG,CG,AA,GG,CC,,
Scott,4036,GG,GG,GG,AA,GG,CC,,
Catfish,9516,GT,AG,GG,AA,GG,CC,,
Lynne Williamson,4438,TT,GG,GG,AA,GG,CC,,
ma11hew28,650,GG,GG,CG,AA,GG,CC,,
abby,10074,GG,GG,GG,AA,GG,CT,,
mayamiz,10077,GT,GG,GG,AA,GG,CT,,
heffanie,10080,TT,GG,GG,AA,GG,CT,,
karen,7379,GT,AG,CG,AG,GG,CT,,
Helilynn,8529,TG,GG,GG,AA,AG,TT,,
Robin,3833,GG,GG,,AA,GG,CC,,
Neriade,9126,GT,GG,GG,AA,GG,CC,,
Maureen Benjelloun,9616,GG,AG,GG,AA,GG,CC,,
kmra1983,10977,TG,AG,,AA,AG,TC,,
Luana,10948,GG,AG,GG,AA,,CC,,
sturgeon.tara@yahoo.com,8416,GT,GG,GG,AA,GG,CC,,
ganaiu,11008,GT,AA,CC,GG,AG,CC,,
ske802,9518,GG,GG,GG,AA,GG,TT,,
phk,9635,TT,AG,GG,AA,GG,CC,,
Miquel Roman,4577,GT,AA,CC,AA,GG,CT,,
GHAMM,9283,GG,GG,GG,AA,GG,TC,AA,
Christine Williams,4006,GT,AA,CG,AG,GG,CC,,
elizabeth.macrie@gmail.com,9039,GG,AG,GG,AA,GG,CC,AA,
Sarahh79,7232,TT,GG,GG,AA,GG,CT,,
April,5830,GG,AA,GG,AA,GG,CT,,
meganrosebrooks,11013,GG,GG,GG,AA,GG,CC,AT,
Aternias,9399,TT,AG,GG,AA,GG,CC,,
rlk455,4756,GG,GG,GG,AA,GG,CT,,
Isoroku,9656,TG,AG,GG,AA,GG,CC,AA,
Jane Doe,345,GT,GG,GG,AA,GG,CC,,
Robert Dawson,55,GT,GG,GG,AA,AG,CC,,
Charles Vance,1825,GT,AA,GG,AA,GG,CT,,
redsugar,9672,GT,GG,GG,AA,GG,CT,,
clau,10012,GT,AA,CG,AA,AG,CC,,
Thorin Sprandel,4605,GT,AG,GG,AA,AG,CC,,
aprilshiver,9702,GG,AG,GG,AA,GG,CC,,
kmastraub,11015,GT,AA,GG,AA,GG,CC,,
S MacShimidh,2554,TT,GG,GG,AA,GG,CC,,
lamsh,6989,TT,GG,GG,AA,GG,CC,,
pmpfe,9726,GT,AA,CG,AA,GG,CC,,
Piget2284,9743,GT,AG,GG,AA,GG,CC,,
asprzybysz,9747,GG,AG,GG,AA,GG,CT,,
everythingspeaches2020,9752,TT,AA,GC,AA,GG,CC,AA,
Justme22,7053,TT,GG,GG,AA,GG,CC,,
CalebJMalcom,9749,GT,GG,GG,AA,GG,CC,,
Nemo,9781,TT,GG,GG,AA,GG,CC,,
corneroftheweb@me.com,9784,TT,GG,GG,AA,GG,CC,AA,
Erikjankoers ,9796,GG,GG,GG,AA,GG,CC,,
Adriana Rincon,9799,GG,AG,CG,AG,AA,CC,,
Kitahotaru,9804,TG,AG,GG,AA,GG,CC,AA,
Cesar Duarte,9812,GT,AG,CG,AG,GG,CC,,
Chijanofuji,9803,TG,AG,GG,AA,GG,CC,AA,
bettygolden2012,9835,TG,GG,GG,AA,GG,CC,AA,
laschai,6238,GT,GG,GG,AA,GG,CC,,
asspat,9832,TG,GG,GC,AA,GG,CC,,
acacac,10100,GG,AG,GG,AA,GG,CC,AA,
Elizabeth harris,10097,GG,GG,GG,AA,GG,TC,AA,
Sammy180,10093,TG,AG,GG,AA,AG,CC,AA,
Rachpaige,10374,TT,AG,GG,AA,GG,CT,,
mheffler,6706,TT,AG,GG,AA,GG,CC,,
Annie,6192,TT,AG,GG,AA,GG,CC,,
jlafount,6589,GT,AA,CG,AA,AG,CC,,
Efairless,10106,TT,GG,GG,AG,GG,TT,AA,
GretalRN,10408,TT,GG,GG,AA,GG,CT,,
Joakim Jardenberg,62,GG,AG,GG,AA,GG,CC,,
Kierstin Singer,10123,GG,GG,GG,AA,GG,CC,,
AuriCrow,7657,TT,GG,GG,AA,GG,CC,,
KurtGreis,7195,GG,AG,GG,AA,GG,CT,,
rbkloss,10414,GG,AG,GG,AA,,CC,,
MichaelLloyd,10420,GT,GG,GG,AA,GG,CC,,
Path2light,10171,GG,AG,CG,AA,GG,CC,,
mrshays44,10448,TT,GG,GG,AA,GG,CC,,
mark303,10383,GG,GG,GG,AA,AG,TC,AA,
lorelai,10430,GG,AA,GG,AA,GG,TC,AT,
Miko L,9720,GT,AA,CC,GG,AG,CC,,
Azrael,5442,GT,AG,GG,AA,GG,CC,,
katiematson,10195,GG,GG,GG,AA,GG,CT,,
victor072,10306,GT,AG,GG,AA,,CC,,
jpenn1984,10232,TT,AG,GG,AA,GG,CC,AA,
autovonbackspace,10246,TG,AA,GG,AA,GG,TC,AA,
dnvrdavid,4897,GT,GG,GG,AA,GG,CC,,
Kaley White,10469,GT,AG,GG,AA,GG,CC,,
jellicoe1992,9974,TG,GG,GG,AA,GG,CC,AA,
Rmbnoone,10477,GT,GG,GG,AA,GG,CC,,
spang80,10490,GG,AA,GC,AA,GG,CC,AA,
tilda,11128,GT,AG,CG,AA,GG,CC,,
dianetara,8885,TT,GG,,AA,GG,CC,,
BQuinney,10497,GT,AG,GG,AA,GG,CC,,
Dana,5310,TT,AG,GG,AA,GG,CC,,
OttrChris,8217,GT,GG,GG,AA,GG,CC,,
Afaldrabecus,10530,TG,GG,GG,AA,GG,CC,AA,
PaxLeo-III,10507,TT,AG,GG,AA,GG,CC,,
hidwoodnat86,10986,GT,AG,GG,AA,GG,CT,,
RAYBURN,11053,TT,GG,GG,AA,GG,CC,AA,
Daiten,11641,GG,GG,CG,AA,,CC,,
atelepen,1075,GG,GG,GG,AA,AG,CT,,
David Roberts,2334,GT,GG,GG,AA,GG,CT,,
Chuzza,11643,TT,AG,CG,AA,GG,CT,,
JIrwin82,11076,GG,GG,GG,AA,GG,CC,,
Discohoe,10828,GT,GG,GG,AA,AG,CT,,
Duck ,10827,GG,GG,,AA,AG,CC,,
Cheryl L Alford,9281,TG,AG,GG,AA,GG,CC,AA,
Sheri Greene Richard ,10868,GT,GG,GG,AA,GG,CT,,
Enki,11082,GT,AG,GG,AA,GG,CT,,
jose37maria,11087,GT,AA,CG,AA,GG,CT,,
Krazed,10897,TG,GG,GG,AA,GG,TC,,
gkkaufman,11135,TG,GG,GC,AA,AG,CC,AA,
Mikasa_adelyn,10926,GT,AG,GG,AA,GG,CC,,
dmiller67,10919,TT,GG,GG,AA,GG,CC,,
Duck Jin Yoon,10632,GT,AA,CC,GG,AA,CC,,
nprince1,10962,TG,GG,GC,AA,GG,CC,,
Saule ,11360,GG,AA,CC,GG,GA,CC,,
R-BY86444,500,GT,AG,GG,AA,GG,CC,,
Kat,11393,TG,GG,GG,AA,GG,CC,AA,
TracelSvC,11397,GG,AG,GG,AA,GG,TC,AA,
Haycostbitt ,12274,GT,AG,CG,,,CC,,
Susan,4349,GT,GG,GG,AA,GG,CC,,
Jeff Hsu,656,GG,AA,CC,GG,AG,CC,,
Z,4962,GT,GG,GG,AA,GG,CC,,
Sierra Phillips ,11441,GT,GG,GG,AA,GG,CC,,
Aussie,429,TT,GG,GG,AA,GG,CC,,
Stefanie Armstrong ,11502,TT,GG,GG,AA,AG,CC,AA,
Love,11499,GG,AA,CG,AG,GG,CC,,
SasukeUchiha,10508,TG,AG,,AA,GG,CC,,
rmoshof77,11528,GG,AG,GG,AA,GG,TC,AA,
Mark Davis,36,GG,AG,GG,AA,GG,CC,,
rplanas,11529,GT,AG,CG,AG,GG,CC,,
Takiwatanga,11698,GT,AG,GG,AA,GG,CC,,
l99,11747,GG,AA,CC,AA,GG,CC,AA,
owl,11531,GG,AG,GG,AA,GG,CC,,
aerogurl72,11753,TG,GG,GG,AA,GG,TC,AA,
VGC300,11790,GG,AG,GG,AA,GG,CT,,
jordypotty,11795,TT,AG,GG,AA,GG,CC,AA,
cacique,11796,GT,AA,GG,AA,GG,CC,,
1234hjkl,10279,GT,AG,GG,AA,GG,CC,,
steffa,11828,GG,AG,GG,AA,GG,CC,AT,
Kai Cote,12292,TG,GG,GG,AA,GG,TC,AA,
mercnurc,11867,TG,AG,,AA,GG,CC,,
Margatota,11875,TT,GG,GG,AA,GG,CC,,
Ann,11878,TT,GG,GG,AA,GG,CC,,
stephen bradley,5475,GT,GG,GG,AA,GG,CC,,
sweetblasphemy,11935,GT,GG,GG,AA,GG,CC,,
mittensmel,11925,GG,GG,GG,AA,AG,CC,AA,
30r3l365,11931,TG,GG,GG,AA,GG,TC,AA,
peculiarly,11963,GT,AG,GG,AA,GG,CC,,
John Paterson,12019,TG,AG,GG,AA,GG,TC,AA,
Ingo Bading,16,GT,GG,GG,AA,GG,CC,,
ashleymae7@gmail.com,12010,GG,AG,GG,AA,GG,CC,,
lizapari,12026,GG,GG,CG,AG,GG,CC,,
genetix,12049,GG,GG,GG,AA,GG,CC,,
Lana ,11012,GG,GG,GC,AA,GG,TC,AA,
Amyerin,12062,TT,AG,GG,AA,GG,CC,AA,
Rhonda Lea Kirk Fries,368,GG,GG,GG,AA,GG,CC,,
Giles,12122,GG,GG,GG,AA,GG,CC,AA,
patrick760,10141,GT,GG,GG,AA,GG,CC,,
rcaruso1912,12152,TG,GG,GG,AA,GG,TC,AT,
bioinformagician ,77,,GG,,,,,,
Daniel Williams,2183,,AG,,AA,GG,,,
RumandCoke,8947,,GG,,AA,,CC,AA,
Jennifer Lynn Savage Hurley,5494,,GG,,AA,,CC,AT,
Jose Hernandez,6093,,AA,,AG,,CC,AA,
KolliWulfsbane,7099,,AG,,AA,,CC,AA,
Vincent Mario Falvo,5531,,AA,,AA,,CC,AA,
Carriann Forbis,5536,,AG,,AA,,CC,AA,
sesteele21,7854,,AG,,AA,,CC,AA,
mark,5154,,GG,,AA,,CC,AA,
Katy,6105,,GG,,AA,,TC,AT,
mp,6599,,AG,,AA,,CC,AA,
rrogo,5176,,GG,,AA,,CC,AA,
SatoriFound,7103,,GG,,AA,,TT,AA,
JetGirl,5249,,GG,,AA,,CC,AA,
JoDa,5359,,AG,,AA,,CC,AT,
ethik,5351,,GG,,AA,,CC,AA,
Sabrina,4996,,GG,,AA,,CC,AA,
Daniel,5027,,GG,,AA,,CC,AA,
vbloyer,5107,,GG,,AA,,CC,AA,
susanne,5633,,GG,,AA,,TC,AA,
mhaizlip82,6296,,GG,,AA,,CC,AA,
Lolly,5659,,GG,,AA,,TC,AA,
Callum Wilson,5709,,AG,,AA,,TC,AA,
Ben Pettis,5728,,AG,,AA,,TC,AA,
drharris,6117,,AG,,AA,,CC,AA,
Camden,5795,,AG,,AA,,TC,AA,
josh ferguson,6131,,AG,,AA,,TC,AA,
a_burriesci91,5581,,AG,,AA,,TC,AA,
Kris M,6189,,GG,,AA,,CC,AA,
naandress,6341,,GG,,AA,,TC,AA,
JCalvert,6221,,AG,,AA,,CC,AA,
Mark Evans,5221,,GG,,AA,,CC,AA,
Megalorich,5961,,AG,,AA,,TC,AA,
Kelly ,6633,,AG,,AA,,CC,AA,
Karis Miller,6634,,AG,,AA,,TT,AA,
Leigh Robert Abbott,6127,,GG,,AA,,CC,AT,
katelynn,5506,,AG,,AG,,CC,AA,
geokemp,6738,,AG,,AG,,CC,AA,
beautifulbooks,6493,,AA,,AG,,CC,TT,
branden,7011,,GG,,AA,,CC,,
Jared Sylvia,7028,,AG,,AA,,CC,AA,
Caz57,7141,,AA,,GG,,CC,AA,
Krlmwd,7134,,AG,,AG,,TC,AA,
Crimson51,11557,,AG,,AA,,TT,AA,
jmldmk,7953,,AA,,AA,,CC,AA,
mydaughterisaseason,7190,,GG,,AA,,CC,AA,
ejbrown4930,6934,,AG,,AA,,CC,AA,
gypped,7228,,GG,,AA,,CC,AT,
indyrah,7297,,AG,,AA,,CC,AA,
Mahray,8319,,GG,,AA,,TC,AA,
amandav,7339,,AG,,GG,,CC,AA,
grifkami,7345,,GG,,AA,,CC,AA,
seanl,7454,,GG,,AA,,CC,AA,
cparker354,7470,,GG,,AA,,TC,AT,
Paulak10,7498,,AG,,AA,,CC,AA,
13DNA13,7561,,AG,,AA,,CC,AA,
flowerchild59,7569,,AG,,AA,,TC,AA,
ANONBSB,7567,,GG,,AA,,TC,AA,
Luis Aranguren Carvajal,5998,,AG,,AA,,CC,AA,
merlin47129,7781,,AG,,AA,,TT,AA,
lauraabarlow,7800,,AG,,AA,,CC,,
Verner3,7244,,GG,,AA,,CC,AA,
artnagle,8049,,AG,,AA,,CC,AA,
grableca,8056,,GG,,AA,,TC,AA,
mbcomer,8360,,GG,,AA,,CC,AA,
GRANOLA,8739,,AA,,GG,,CC,TT,
Mustache77,9129,,AG,,AA,,CC,AT,
SusanT,5943,,AA,,AA,,CC,AA,
Pablo,6927,,GG,,AA,,TC,AA,
perelgut,6274,,AG,,AA,,TT,AT,
Milo Miller,8844,,GG,,AA,,TC,AA,
kitten,9480,,AG,,AA,,TT,AA,
Kenneth Abramowitz,7753,,GG,,AA,,CC,AA,
hanasoph,9243,,AG,,AA,,CC,AA,
Arthur,9247,,AG,,AA,,CC,AA,
atj,9366,,GG,,AA,,TC,AA,
marty83687,8546,,GG,,AA,,CC,AT,
Omicron,9413,,GG,,AA,,CC,AA,
Jlpeele ,7622,,AG,,AA,,TC,AA,
David Foy,5501,,GG,,AA,,TC,AA,
hanasoph,12246,,AG,,AA,,CC,AA,
James Goral,5628,,GG,,AA,,CC,AT,
scotth,5041,,AG,,AA,,CC,AA,
aberzins,10381,,AG,,AA,,CC,AA,
Damien Palacios,10036,,AG,,AA,,CC,AA,
mandy534475,5790,,GG,,AA,,TC,AA,
silverentei,11069,,AG,,AA,,TC,AT,
joebro,11396,,AG,,AA,,CC,AA,
April Robert,11458,,GG,,AA,,TC,AA,
LoonieMew,12284,,AG,,AA,,CC,AA,
JoLynnAlv,347,,,GG,,GG,CC,,
Graham,745,,,GG,,GG,CC,,
DanD,1071,,,GG,,,CC,,
Westr,35,,,GG,,,,,
Stephen Brammer,2212,,,GG,,,,,
Jan Santoscoy,71,,,,AA,GG,,,
ainsley,542,,,,AA,GG,,,
Masahiro Nakamura,488,,,,GG,GA,,,
David C Platt,945,,,,AA,GG,,,
Alfred (Freddy) Krupa prof.,72,,,,AA,GG,,,
itschac,1183,,,,AG,GG,,,
Rachel Anderson,3993,,,,AA,GG,,,
Per-Allan Olsson,5514,,,,AA,GG,,,
Karen Adamson,203,,,,AA,GG,,,
ugyawali,8641,,,,AA,GG,,,
ett-1,1092,,,,AA,GG,,,
Anthem,3068,,,,AA,GG,,,
Joke,5792,,,,AA,GG,,,
Wareaglefaninsc,6184,,,,AA,GG,,,
Maria Kuryndina,5913,,,,AA,GG,,,
YING ZHENG,4644,,,,GG,AA,,,
JCarter,6885,,,,AA,GG,,,
René Becker,6908,,,,AA,GG,,,
Zaums,6387,,,,AA,GG,,,
sr9339,9050,,,,AA,GG,,,
ES Ranta,4832,,,,AA,AG,,,
byaarondna,7267,,,,AA,GG,,,
sdaigle318,7688,,,,AA,GG,,,
Katrinlurtz,7384,,,,AA,GG,,,
Eliza,7377,,,,AA,GG,,,
lefons82,7538,,,,AA,GG,,,
ramas,6959,,,,AA,AG,,,
zkogan,7708,,,,AA,GG,,,
Josmeete,7732,,,,AA,GG,,,
Vanille,7828,,,,AG,GG,,,
dannekmr,8685,,,,AG,AG,,,
Aleksandr,8052,,,,AA,GG,,,
Roxxer,8469,,,,AA,GG,,,
assimowitsch,8522,,,,AA,AG,,,
Jamie Gilbert,8707,,,,AA,GG,,,
luis_de_blas,8547,,,,AA,GG,,,
Tintweezl,8592,,,,AA,GG,,,
Jojo,9107,,,,AA,GG,,,
Carlan,8015,,,,AA,GG,,,
Akmak,9259,,,,AA,GG,,,
Alexey Minko,4135,,,,AA,GG,,,
Hhuth2004,11125,,,,AA,GG,,,
shanatova,8499,,,,AA,GG,,,
Charity,1647,,,,,GG,,,
Suvi-Tuuli Allan,463,,,,,,CC,,
